ลำดับ,ชื่อชุดการแสดง,คำอธิบายชุดการแสดง
1,กรุงเทพ,"กรุงเทพ เป็นการแสดงที่ได้แนวคิดมาจากชื่อเต็มเมืองหลวง
ของประเทศไทยคือ กรุงเทพมหานคร ที่ได้รับการบันทึกจากกินเนสส์บุ๊ค
(Guinness Book) ว่า เป็นชื่อเมืองที่มีความยาวที่สุดในโลก 
ความหมายโดยรวม หมายถึง เมืองอันยิงใหญ่ที่ถูกสรรค์สร้างโดยเหล่าเทพ 
กระบวนท่ารําสื่อถึงการร่ายรําของเหล่าเทวดานางฟ้า นอกจากนี้ยังผสมผสาน 
การเชิดหนังใหญ่ที่ออกแบบวาดภาพสถานที่สําคัญของกรุงเทพฯ ประกอบการแสดง"
2,กีปัสเรนัง,"กีปัสเรนัง เป็นการแสดงที่นําแนวคิดมาจากประเพณีแห่นกทางภาคใต้ของไทย
โดยเฉพาะจังหวัดปัตตานี ที่มีความสวยงามของพัดเรนัง ปรากฏอยู่ในขบวนแห่
บุหรงซีงอ ซึ่งชาวมลายูเชื่อกันว่า นอกจากพัดจะนําความร่มเย็นมาสู่ตัวแล้ว
ยังสามารถขจัดปัดเป่าทุกข์โศกโรคภัยให้พ้นออกจากตัว เสียงของพัดเรนัง
ที่ดังเป็นเอกลักษณ์ เชื่อว่าจะสามารถขับไล่สิ่งชั่วร้ายให้ออกไป ประกอบกับลีลา
การใช้พัดในรูปแบบต่างๆที่น่าสนใจ"
3,จตุรภาคี,"จตุรภาคี เป็นการแสดงที่นําศิลปะการแสดงทั้งสี่ภาคของประเทศไทย
มาแสดงติดต่ออยู่ในชุดเดียวกัน เริ่มด้วย ฟ้อนที่เป็นศิลปะของภาคเหนือ 
รําเถิดเทิงของภาคกลาง ตารีกีปัสของภาคใต้ และลําเพลินของ
ภาคตะวันออกเฉียงเหนือ นับเป็นการแสดงที่น่าชมอย่างยิ่ง"
4,เจ้าพระยานที,"เจ้าพระยานที เป็นการแสดงที่ได้แนวคิดมาจากแม่นํ้าเจ้าพระยา แม่นํ้าสายหลัก
ที่สําคัญของไทย เกิดจากการรวมตัวของแม่นํ้า ปิง วัง ยม น่าน ถือเป็นสายน้ำ
แห่งชาติที่หล่อเลี้ยงผู้คนในแผ่นดิน มีเรื่องราววิถีชีวิตสองริมฝั่งน้ำ หล่อหลอม
เป็นมรดกวัฒนธรรมที่สืบทอดมายาวนาน ผ่านประวัติศาสตร์และขนบธรรมเนียม
ประเพณีจากรุ่นสู่รุ่น แผ่อิทธิพลความงามและเรื่องราวของสายน้ำเป็นที่กล่าวขาน
รู้จักนาม แม่นํ้าเจ้าพระยา สู่นานาประเทศ ด้วยความสำนึกรักศรัทธา กตัญญู
อันเป็นคุณูปการและเพื่อเชิดชูสายน้ำแห่งวัฒนธรรม สายน้ำแห่งความงดงามของชาติ "
5,ชาติพันธุ์สราญ,"ชาติพันธุ์สราญ เป็นการแสดงที่สร้างสรรค์ขึ้นจากความสําคัญ
ของกลุ่มชาติพันธุ์ในจังหวัดนครปฐมทังหมด 5 กลุ่มชาติพันธุ์ ประกอบด้วย 
1) ชาติพันธุ์ลาวครั่ง 2) ชาติพันธุ์ไทยทรงดำ 3) ชาติพันธุ์ลาวเวียง 
4) ชาติพันธุ์ไทยรามัญ 5) ชาติพันธุ์ไทยจีน สู่การสร้างสรรค์นวัตกรรม
ศิลปะการแสดง โดยการแสดงสื่อถึง ความหลากหลายของกลุ่มชาติพันธุ์
วัฒนธรรม ประเพณีและวิถีชวิตที่หลากหลายของกลุ่มชาติพันธุ์ 
ในจังหวัดนครปฐม ตลอดจนความสุข สนุกสนานรื่นเริง
ในการหลอมรวมเป็นอันหนึ่งอันเดียวภายใต้ร่มพระบารมี"
6,ชาวดอย,"ชาวดอย เป็นการแสดงที่มีแนวคิดมาจากการดํารงชวิตของกลุ่มชน 
ที่อาศัยอยู่ทางภาคเหนือของประเทศไทย มุ่งเน้นวิถีชวิตที่มีความเรียบง่าย 
ผูกพันพึ่งพาธรรมชาติ ประกอบอาชีพเกษตรกรรม รวมทั้งมีการละเล่น 
ที่สนุกสนานตามแบบพื้นบ้านสืบทอดจากรุ่นสู่รุ่น"
7,ตะกล้อล้อท่า,"ตะกร้อล้อท่า เป็นการแสดงที่ได้แนวคิดมาจากกีฬาตะกร้อ
ซึ่งเป็นการละเล่นของไทยแต่โบราณ โดยเริ่มต้นจากการเล่นกันในหมู่ชาวบ้าน 
สู่การเล่นเป็นกีฬาสากล ระดับชาติและนานาชาติ ลีลาและกระบวนท่ารํา
สื่อให้เห็นถึงแม่ท่าในกีฬาตะกร้อ ประกอบด้วย การใช้ศีรษะ ศอก เข่า เท้า ในการบังคับลูกตะกร้อไม่ให้ตกพื้น การกระโดดตีลังกาผสมผสานลีลาท่าทางนาฏศิลป์ไทย"
8,นบนที,"นบนที เป็นการแสดงที่กล่าวถึงประเพณีลอยกระทงซึ่งถือเป็นการแสดง
ความเคารพและขอขมาอภัยต่อพระแม่คงคา อีกทั้งสิ่งศักดิ์สิทธิ์
ในสายน้ำที่สร้างคุณประโยชน์ต่อมนุษย์ทุกชวิต ซึ่งคนไทยได้ให้ความสําคัญ 
และสํานึกในพระคุณของธรรมชาติที่สะท้อนผ่านความเชื่อและความศรัทธาจนกลายเป็นประเพณีลอยกระทง"
9,นักษัตร,"นักษัตร เป็นการแสดงที่ได้แนวความคิดมาจากเทพ 12 ปีนักษัตรของไทย
ที่มีความเชื่อว่าเป็นเทพที่มีหน้าที่ปกป้องคุ้มครองมนุษย์ กระบวนท่ารํา
มีความงดงามตามรูปแบบนาฏศิลป์ไทย ผสมผสานการเคลื่อนไหวร่างกาย
และการเคลื่อนที่บนเวทีอย่างหลากหลาย "
10,นาฏ ณ วัง,"นาฏ ณ วัง เป็นการแสดงที่ได้แนวคิดมาจากความสําคัญของพระราชวังบวรสถานมงคล (วังหน้า) ที่ปรากฎนาฏกรรมหลากหลายประเภท ประกอบด้วย
โขน ละคร หนังใหญ่ หุ่น งิ้ว แอ่วแคน สู่การสร้างสรรค์งานนาฏศิลป์ไทย
ผสมผสานการออกแบบการเคลื่อนไหวร่างกายและการใช้พื้นที่เวทีที่มีความหลากหลาย 
ถ่ายทอดความงามแบบราชสํานักที่มีความวิจิตร ย้อนรําลึกคุณูปการของบุคคล
และสถานที่ที่มีต่อการอนุรักษ์ สู่ความภาคภูมิใจในมรดกวัฒนธรรมของแผ่นดิน"
11,นาฏยมวยไทย,"นาฏยมวยไทย เป็นการแสดงที่ได้แนวคิดมากจากศิลปะป้องกันตัว
มวยโบราณของไทยที่มีมาแต่อดีต มาสร้างสรรค์ในรูปแบบของการแสดง
ที่สื่อถึงลีลาท่ามวย อันเป็นภูมิปัญญาของบรรพบุรุษ ใช้หลักท่าเต้นของโขน 
และท่ารําแบบนาฏศิลป์ผสมผสานกันอย่างลงตัว"
12,ผืนไท,"ผืนไท เป็นการแสดงที่มีแนวคิดมาจากศิลปะการแสดงของภูมิภาคต่าง ๆ ของไทย
สู่การสร้างสรรค์ผลงานบนพื้นฐานความงดงามของนาฏศิลป์ไทย
และศิลปะการแสดงพื้นบ้าน ผสมผสานการออกแบบการเคลื่อนไหวร่างกาย
และการใช้พื้นที่เวทีที่มีความหลากหลาย อุปกรณ์สําคัญในการแสดงคือ 
ผืนผ้าสื่อถึงสัญลักษณ์ของชาติ และพระมหากษัตริย์ไทย ปกแผ่ไพศาล
ให้ความสุขสงบร่มเย็นแก่อาณาประชาราษฎร์ทุกเชอชาติที่รวมกัน 
เป็นเอกลักษณ์ ก่อให้เกิดมรดกศิลปวัฒนธรรมอันวิจิตร
ภายใต้ผืนไตรรงค์ธงไทยที่สง่างาม"
13,พนาธาร,"พนาธาร เป็นการแสดงสร้างสรรค์ที่ได้แนวคิดมาจากความสําคัญ
ความตระหนักรู้คุณค่าของป่าและนํ้า ที่ผูกพันกับวิถีชวิตและแผ่นดินเกิด 
การแสดงชุดนี้ นําพื้นฐานนาฏศิลป์ไทยประกอบกับการเคลื่อนไหวร่างกาย
ที่เลียนแบบการเคลื่อนไหวของธรรมชาติ ทั้งป่า และนํ้า"
14,ฟ้อนขันดอก,"ฟ้อนขันดอก เป็นศิลปะการแสดงภาคเหนือที่ถือขันดอก หรือ พาน ประกอบการแสดง 
โดยภายในพาน จะใส่ดอกไม้นานาชนิดที่มีความหมายมงคล การแสดงประกอบด้วยกระบวนท่ารําของล้านนาผสมผสานการโปรยดอกไม้เพื่อความเป็นสิริมงคล"
15,ฟ้อนลีลาวดี,"ฟ้อนลีลาวดี เป็นการแสดงที่ได้แรงบันดาลใจมาจากต้นลีลาวดี 
ต้นไม้ที่มีอายุเกือบ 100 ปี มีความงดงาม ร่มเย็น และมีลักษณะพิเศษ
ที่น่าสนใจแก่ผู้พบเห็นอยู่บริเวณหน้าพระอุโบสถบวรสถานสุทธาวาส
(วัดพระแก้ววังหน้า) สู่แนวคิดการสร้างสรรค์ท่ารํา ให้มีความงดงาม
ตามท่วงทํานองของดนตรี"
16,ระบำม้า,"ระบำม้า เป็นการแสดงที่นางลมุล ยมะคุปต์ 
ผู้เชี่ยวชาญการสอนนาฏศิลป์ไทยคิดท่ารำขึ้นประกอบในละครเรื่องไชยเชษฐ์ ตอนนารายณ์ธิเบศร์เที่ยวป่า ต่อมาได้นำมาแสดงในละครเรื่องรถเสน ซึ่งกล่าวถึง รถเสนถูกนางยักษ์แปลงแกล้งใช้ให้ถือสารไปยังคชบุรีเมืองยักษ์ ก่อนออกเดินทางรถเสนไปคัดเลือกจับม้าที่ดีที่สุด เพื่อใช้เป็นพาหนะในการเดินทาง "
17,ระบำอยุธยา,"เป็นระบำที่ประดิษฐ์ขึ้นใหม่ เมื่อปี พ.ศ. 2529 จากความคิดริเริ่ม ของนายเสรี หวังในธรรม ผู้เชี่ยวชาญพิเศษด้านสังคีตศิลป์และศิลปินแห่งชาติ โดยมีวัตถุประสงค์ที่จะจัดเป็นระบำโบราณคดีอีกชุดหนึ่ง นางเฉลย ศุขะวณิช ผู้เชี่ยวชาญการสอนนาฏศิลป์ไทยและศิลปินแห่งชาติ เป็นผู้ประดิษฐ์ลีลาท่ารำ 
จัดแสดงเป็นครั้งแรกในงานศิลปหัตถกรรม ประจำปี พ.ศ. 2529 "
18,รับขวัญข้าว,"รับขวัญข้าว เป็นการแสดงที่ได้แนวคิดมาจากเรื่องราวพิธีกรรม
ในการทำขวัญข้าว ที่สะท้อนให้เห็นถึงความกตัญญูกตเวทีต่อผู้มีพระคุณ
ด้วยความเคารพบูชา ความสามัคคี ความมีนํ้าใจซึ่งวัฒนธรรมเหล่านี้
เป็นที่แพร่หลายในอดีต จากแนวคิดดังกล่าวนําสู่รูปแบบนาฏศิลป์สร้างสรรค์
เพื่อให้ชนรุ่นหลังเห็นถึงความสําคัญของผืนแผ่นดินที่ให้ความสมบูรณ์
ก่อให้เกิดพืชพรรณธัญญาหารหล่อเลี้ยงชวิตมนุษย์ พระคุณของ “ข้าว” 
อาหารหลักของชาติไทย ตลอดจนจารีตประเพณี วัฒนธรรม
อันแสดงให้เห็นถึงภูมิปัญญาอันทรงคุณค่าที่ควรสืบสาน"
19,ล่องใต้,"ล่องใต้ เป็นการแสดงที่ได้แนวคิดมาจากศิลปวัฒนธรรมและวิถีชีวิต
ความเป็นอยู่ของประชากรทางภาคใต้อันมีเอกลักษณ์เฉพาะที่โดดเด่น
นําสู่การสร้างสรรค์การแสดงสื่อถึงประเพณี วัฒนธรรม วิถีชีวิต
ความเป็นอยู่ การประกอบอาชีพ โดยการแสดงสะท้อนให้เห็นถึงบรรยากาศ 
แห่งความสุข ความสนุกสนานของดินแดนภาคใต้"
20,ลายเกราะ,"ลายเกราะ เป็นการแสดงที่ได้แนวคิดมาจาก เกราะลอ หรือ ขอลอ
เครื่องดนตรีพื้นบ้านชนิดหนึ่งของภาคอีสาน นําเสนอผ่านท่ารําพื้นบ้านอีสาน
ที่มีความงดงาม ผสมผสานลีลาในการตีเกราะสนุกสนาน เร้าใจ
ด้วยท่วงทํานองของดนตรีพื้นบ้านอีสาน "
21,ลีลาหมากแก๊ป,"ลีลาหมากแก๊บ เป็นการแสดงที่ได้แนวคิดมาจากเครื่องดนตรีพื้นบ้านอีสาน
ประเภทเครื่องตี ประกอบจังหวะ มีลักษณะเป็นไม้สั้นและไม้ยาว เรียกว่า
“หมากกับแก๊บ” นํามาเป็นอุปกรณ์สําคัญในการแสดง ผสมผสานวัฒนธรรม 
ท้องถิ่นด้านดนตรีและนาฏศิลป์พื้นบ้านอีสาน เพื่อถ่ายทอดถึงชีวิตความเป็นอยู่ 
ของหญิงสาวชาวบ้านหลังเสร็จงาน ลักษณะการแสดงมีความสนุกสนาน
สอดแทรกเอกลักษณ์ภูมิปัญญาวัฒนธรรม อันทรงคุณค่าของชาวอีสาน"
22,วิรัชสราญรมย์,"วิรัชสราญรมย์ เป็นการแสดงที่ได้แนวคิดมาจากค่านิยมการแต่งกาย
ของบุรุษและสตรีในสมัยรัชกาลที่ 6 โดยได้รับอิทธิพลมาจากชาติตะวันตก
นําเสนอท่าทางการเต้นและรําประกอบท่วงทํานองเพลงไทยและเพลงสากล
อันแสดงให้เห็นถึงการผสมผสานของสองวัฒนธรรม"
23,สยามภารตะ,"สยามภารตะ เป็นการแสดงที่ผสมผสานระหว่างนาฏศิลป์อินเดีย และนาฏศิลป์ไทย
การแสดงสื่อถึงเรื่องราวการถ่ายทอดอารยธรรมและอิทธิพลทางวัฒนธรรม
ของอินเดียสู่ดินแดนสยาม โดยผ่านระยะเวลาการหลอมรวม ตลอดจนผสมผสาน
เป็นรูปแบบนาฏศิลป์ไทยที่งดงาม ใช้กระบวนท่ารํา การเคลื่อนไหวแบบนาฏศิลป์ 
อินเดียประเภทโอดิสสี ภารตนาฏยัม สลับกับท่ารําต้นแบบจากการแสดงราชสํานักของไทย"
24,สักการะเทวราช,"สักการะเทวราช เป็นการแสดงที่ได้แนวคิดมาจากพระราชพิธีอินทราภิเษก
ในสมัยอยุธยา ซึ่งพบว่ามีการแสดงมหรสพในชวงท้ายของพระราชพิธี 
สร้างสรรค์เครื่องแต่งกายและเครื่องประดับจากงานประติมากรรมและ
เครื่องทรงพระพุทธรูปสมัยอยุธยา สร้างสรรค์ท่ารําจากภาพลายเส้นตำรารำ
ต้นกรุงรัตนโกสินทร์ ผสมผสานท่านาฏศิลป์ไทยพื้นฐาน รูปแบบการแสดง
แสดงถึงการบูชาและเทิดทูนองค์พระมหากษัตริย์ดุจดังพระอินทร์"
25,ออเจ้าชาวกรุงศรี,"ออเจ้าชาวกรุงศรี เป็นการแสดงที่ได้แนวคิดมาจากสตรีในราชสํานัก
ที่พร้อมไปด้วยความงาม กิริยาเรียบร้อย การนุ่งห่มอาภรณ์เครื่องประดับ
ทรงคุณค่าและการดําเนินชวิตด้วยความสุนทรีย์ตามรูปแบบกุลสตรี 
ด้วยเสียงดนตรีที่ไพเราะ นําย้อนวันวานแห่งความทรงจํา "
26,พลองไม้สั้น,"พลองไม้สั้น เป็นศิลปะการต่อสู้ชนิดหนึ่งของไทยแต่โบราณ พลองเป็น 
อาวุธยาวใช้สําหรับตีหรือกระทุ้ง ไม้สั้นเป็นอาวุธสั้นสวมทับแขนท่อนปลาย
ผู้ใชไม้สั้นต้องมีความว่องไว มักเป็นฝ่ายรุกเข้าประชิดตัวคู่ต่อสู้ 
พลองไม้สั้นเป็นการแสดงการต่อสู้แบบตัวต่อตัว แบ่งเป็น 2 ฝ่าย 
นิยมแบ่งเป็นฝ่ายสีแดงและสีน้ำเงิน ผู้แสดงต้องผ่านการฝึกหัดขั้นพื้นฐาน 
จนถึงฝึกท่าตีหลัก ประกอบด้วย การตีรุก การตีรับ และการตีลูกไม้
จนเกิดความชำนาญสามารถจดจํากระบวนท่าต่อสู้ได้เป็นอย่างดี"
27,มวยคาดเชือก,"มวยคาดเชือก เป็นการแสดงศิลปะการต่อสู้มวยไทยสมัยโบราณ 
โดยการใชเชือกพันที่มือและช่วงปลายแขนทั้ง 2 ศิลปะมวยไทย
คือ การผสมผสานการใช่หมัด เท้า เข่า ศอก มีแม่ไม้มวยทั้งท่ารุก
และรับสําหรับใช้ในการต่อสู้ ผู้แสดงจึงต้องผ่านการฝึกเบื้องต้น 
ในการใช้กระบวนท่าให้คล่องแคล่ว "
28,ระบำชาวนา,"ระบําชาวนา เป็นการแสดงที่สะท้อนให้เห็นวิถีการประกอบอาชีพกสิกรรม 
ของชาวนา ประกอบด้วยการไถ หว่าน และการเกี่ยวข้าวในนาด้วยความสุข
ใช้ผู้แสดงชาย - หญิง เปรียบเสมือนเป็นชาวนา"
29,รำเถิดเทิง,"รําเถิดเทิง หรือเรียกอีกอย่างว่ารํากลองยาว เป็นการแสดงรําหยอกล้อ
ยั่วเย้าของฝ่ายชายและฝ่ายหญิง โดยมีการตีกลองยาวเป็นจังหวะ 
ประกอบการแสดงที่สนุกสนานรื่นเริง"
30,รำวงมาตรฐาน,"รําวงมาตรฐาน เป็นการแสดงที่ปรับปรุงมาจากการรําโทน นิยมเป็นการละเล่น
รื่นเริงประจําฤดูกาลของไทยภาคกลาง ซึ่งกระบวนท่ารําจะกําหนดไปตามเพลง
รวมทั้งสิ้น10 เพลง คือ เพลงงามแสงเดือน เพลงชาวไทย เพลงรำซิมารำ
เพลงคืนเดือนหงาย เพลงดวงจันทร์วันเพ็ญ เพลงดอกไม้ของชาติ
เพลงดวงจันทร์ขวัญฟ้า เพลงหญิงไทยใจงาม 
เพลงบูชานักรบ และเพลงยอดชายใจหาญ"
31,รำสีนวล,"รําสีนวล เป็นศิลปะการแสดงที่สวยงามทังท่ารําและเพลงขับร้องที่มีความไพเราะ
ลักษณะท่ารําและคําร้อง หมายถึง อิริยาบถที่นุ่มนวลอ่อนช้อยของกุลสตรี 
นิยมจัดแสดงในงานทั่วไป"
32,โนรา,"โนรา เป็นศิลปะการแสดงที่เก่าแก่ของชาวไทยภาคใต้ มีแบบแผนสืบต่อกันมาหลายร้อยปี
ท่ารําโนราบรรยายถึงลักษณะท่ารําของกินรี และใช้สําหรับเป็นการรําบูชาครู 
เพื่อความสวัสดิมงคล ยูเนสโกประกาศรับรองขึ้นทะเบียนเป็นมรดกภูมิปัญญา
ทางวัฒนธรรมที่จับต้องไม่ได้ของมนุษยชาติ"
33,รองเง็ง,"รองเง็ง เป็นการละเล่นของชาวไทยทางภาคใต้ ที่ได้รับอิทธิพลของชาวตะวันตก
โดยเฉพาะสเปน และโปรตุเกส ที่ติดต่อค้าขายกับชาวมลายู โดยเผยแพร่มาทาง
จังหวัดชายแดนทางตอนใต้ของไทย ผู้แสดงประกอบด้วยชายหญิงรําเป็นคู่
นิยมแสดงในงานรื่นเริงทั่วไป"
34,ระบำตารีกีปัส,"ระบําตารีกีปัส เป็นการแสดงรําพัดทางภาคใต้ของไทย ผู้แสดงหญิง
ถือพัดทัง 2 มือ ร่ายรําประกอบเพลงที่บรรเลงด้วยเครื่องดนตรีพื้นเมืองภาคใต้
ผสมผสานเครื่องประกอบจังหวะและเครื่องดนตรีตะวันตกที่มีความไพเราะ"
35,ระบำตารีบุหงา,"ตารีบุหงา เป็นภาษามลายู “ตารี” แปลว่า รําหรือระบํา “บุหงา”
แปลว่า ดอกไม้ ตารีบุหงา จึงหมายถึง ระบําดอกไม้ ได้แนวคิดมาจาก
ช่อดอกไม้ที่ใช้ แทนของที่ระลึกเพื่อมอบให้แขกที่มาร่วมในงานแต่งงาน 
ของชาวไทยมุสลิม ผู้แสดงสวมเครื่องแต่งกายแบบพื้นบ้านภาคใต้
ถือพานดอกไม้ประกอบกระบวนท่ารําที่งดงาม "
36,ระบำร่อนแร่,"ระบําร่อนแร่ เป็นการแสดงทางภาคใต้ของไทย มีลีลาท่ารําที่สื่อความหมาย
ถึงการประกอบอาชีพหาแร่จากแหล่งน้ำธรรมชาติของหญิงสาว 
เริ่มด้วยการร่อนแร่ เก็บแร่ ประกอบจังหวะดนตรีที่สนุกสนานรื่นเริงใจ"
37,กลองสะบัดชัย,"กลองสะบัดชัย เป็นศิลปะการตีกลองของชาวล้านนาทางภาคเหนือของไทย 
มีศิลปะการตี เพื่อสร้างความฮึกเหิมก่อนออกรบทําสงครามกับข้าศึก
ต่อมานิยมตีกลองในขบวนแห่เกี่ยวกับพิธีทางศาสนา ผู้ตีกลองสะบัดชัย จะตีด้วยท่าทางคล่องแคล่วว่องไว โลดโผนและสนุกสนาน นอกจากนี้สามารถจัดแสดงในงานต่าง ๆ เพื่อความเป็นสิริมงคล"
38,ฟ้อนจันทราพาฝัน,ชุดการฟ้อนตามท่วงทำนองและบทร้อง ที่บรรยายถึงหญิงสาวชาวเหนือผู้หลงใหลใฝ่ฝันในความงามของแสงจันทร์ โดยมีลีลาท่าฟ้อนอันอ่อนช้อยงดงาม ออกแบบท่ารำโดยท่านผู้หญิงแผ้ว สนิทวงศ์เสนี ผู้เชี่ยวชาญนาฏศิลป์ไทยและศิลปินแห่งชาติ ส่วนบทร้องนั้น ประพันธ์ร่วมกับนายประพันธ์ สุคนธะชาติ ในทำนองเพลงลาวคำหอม
39,ฟ้อนเจิง,"ฟอนเจิง เป็นศิลปะการฟ้อนของชาวล้านนาทางภาคเหนือของไทย 
ที่แสดงถึงศิลปะการต่อสู้ ประกอบลีลา ท่าฟอน ที่สื่อถึงการต่อสู้ด้วยมือเปล่า 
หรือการต่อสู้ด้วยอาวุธ เชน หอก ดาบ "
40,ฟ้อนดวงเดือน,เป็นการแสดงที่มีลักษณะการเกี้ยวพาราสีของชายหนุ่มหญิงสาว เพลงที่ใช้เป็นเพลงอัตราจังหวะสองชั้น สำเนียงลาว ทรงพระนิพนธ์คำร้อง และทำนองโดยพระเจ้าบรมวงศ์เธอ กรมหมื่นพิชัยมหินทโรดม
41,ฟ้อนที,"ที หมายถึง ร่ม เป็นภาษา “ไต” นํามาใช้เป็นอุปกรณ์ประกอบท่าฟ้อน
ผสมกับท่ารําของชาวไต จังหวัดแม่ฮ่องสอนในภาคเหนือของไทย
ลีลาท่ารําเน้นศิลปะการใช้ร่มในลักษณะต่าง ๆ ที่งดงาม 
ตามท่วงทํานองดนตรีพื้นบ้านภาคเหนือ"
42,ฟ้อนเทียน,"ฟ้อนเทียน เป็นการฟ้อนแบบหนึ่งทางภาคเหนือของประเทศไทย 
ผู้ฟ้อนเป็นหญิงสาวถือเทียนจุดไฟข้างละ 1 เล่ม ร่ายรําไปตามทํานองเพลง 
นิยมแสดงในเวลากลางคืน เพื่อให้เห็นการเคลื่อนไหวของเปลวเทียนได้ชดเจน"
43,ฟ้อนผาง,"ฟ้อนผาง เป็นการแสดงนาฏศิลป์พื้นบ้านของชาวล้านนาทางภาคเหนือของไทย 
ผู้แสดงออกมาร่ายรําพร้อมถือภาชนะดินเผาจุดไฟเรียกว่า ผางประทีป ทั้ง 2 มือ
นิยมจัดแสดงในงานประเพณีสําคัญของชาวล้านนามาแต่ครังโบราณ "
44,ฟ้อนมาลัย,ฟ้อนมาลัย หรือ ฟ้อนดวงดอกไม้ เป็นเพลงเก่าของราชสำนักเชียงใหม่ เจ้าดารารัศมีพระชายาในพระบาทสมเด็จพระจุลจอมเกล้าเจ้าอยู่หัว ได้ทรงนำมาใช้ในละครเรื่อง “น้อยใจยา” เมื่อกรมศิลปากรแสดงละครพันทางเรื่อง “พญาผานอง” ณ โรงละครแห่งชาติ เมื่อ พ.ศ. 2501 อาจารย์มนตรี  ตราโมท ได้นำทำนองเพลงฟ้อนดวงดอกไม้มาใช้เป็นเพลงฟ้อนของนางข้าหลวงของนางพญาคำปิน โดยได้แต่งบทร้องขึ้นมาใหม่ และท่านผู้หญิงแผ้ว สนิทวงศ์เสนี ประดิษฐ์ท่ารำ ฟ้อนชุดนี้ออกเพลงซุ้ม ซึ่งเป็นเพลงสำเนียงลาวชั้นเดียว
45,ฟ้อนรัก,เป็นการแสดงชุดหนึ่งในละครพันทางเรื่องพระลอ ตอน พระลอลงสวน พระนิพนธ์ของพระเจ้าบรมวงศ์เธอกรมพระนราธิปประพันธ์พงศ์ ที่ทรงปรับปรุงขึ้นจากวรรณคดีลิลิตพระลอ บทร้องและลีลาท่ารำแสดงถึงความรักของนายแก้วนายขวัญสองพระพี่เลี้ยงของพระลอกษัตริย์แห่งแมนสรวง กับนางรื่นนางโรยพระพี่เลี้ยงของพระเพื่อนพระแพง พระราชธิดาของท้าวพิชัยพิษณุกรแห่งเมืองสรอง
46,ฟ้อนเล็บ,"ฟ้อนเล็บ เป็นศิลปะการฟ้อนของทางภาคเหนือของไทย
นิยมจัดแสดงในการต้อนรับแขกผู้มาเยือนให้เกิดความประทับใจ
ผู้แสดงสวมเล็บสีทองร่ายรําตามรูปแบบการฟ้อนประกอบบทร้องและทํานองเพลง "
47,ฟ้อนสาวไหม,"ฟ้อนสาวไหม เป็นศิลปะการฟ้อนของทางภาคเหนือ มีลีลาท่ารํา
สื่อความหมายถึงกรรมวิธีการทอผ้าไหม เริมด้วยขั้นตอนการปลูกต้นหม่อน 
เก็บฝ้าย สาวไหม และทอผ้า มีรูปแบบการฟ้อนรําตามทํานองเพลงในจังหวะช้า
ใช้เครื่องดนตรีพื้นบ้านภาคเหนือ เช่น สะล้อ ซอ ซึง"
48,ระบำเก็บใบชา,"ระบําเก็บใบชา เป็นการแสดงทางภาคเหนือมีลีลาท่ารําที่สื่อความหมาย
ถึงกรรมวิธีการเก็บใบชาของชาวเขา เริ่มตั้งแต่ช่วงเช้าาออกเดินทางไปเก็บใบชา 
ที่ปลูกอยู่ตามไหล่เขา ต่อจากนั้นนํามาเลือกใบและผึ่งแดด มีการละเล่นที่สนุกสนาน 
รื่นเริงขณะรอใบชาแห้ง ช่วงเย็นจึงเก็บใบชาและเดินทางกลับบ้าน 
ผู้แสดงชายหญิงแต่งกายแบบชาวพื้นเมืองภาคเหนือของไทย "
49,กระทบสากหรือกระทบไม้,"กระทบสากหรือกระทบไม้ เป็นการละเล่นพื้นเมืองของชาวจังหวัดสุรินทร์
ภาคอีสานของไทย เดิมเรียกว่า “เต้นสาก” ด้วยนิสัยรักสนุกของชาวไทย
เมื่อเสร็จกิจวัตรจากการทํานา จึงนําสากตำข้าวมากระทบกัน เป็นเครื่องประกอบจังหวะ
พร้อมกับมีการละเล่นให้เข้ากับจังหวะ เป็นการแสดงที่สนุกสนานระหว่างชายหญิง
เกี้ยวพาราสีกัน สื่อให้เห็นความงามของพระจันทร์ยามคํ่าคืน ทําให้เกิดความเพลิดเพลินใจ
ชายหญิงจึงชวนกันมาเชอมความสัมพันธ์ ด้วยการเล่นกระทบไม้ "
50,เซิ้งกระติบข้าว,"เซิงกระติบข้าว เป็นการแสดงพื้นเมืองของชาวภูไท นิยมแสดงกัน 
ในโอกาสรื่นเริงวันนักขัตฤกษ์ การแสดงสื่อถึงหญิงสาวนําอาหารไป
ให้แก่บุคคลอันเป็นที่รัก ความสวยงามของกระบวนท่ารําอยู่ที่กิริยาท่าทาง
การเดินของหญิงสาวทังแบบช้าแล้วเร่งรีบ การดีดข้าวเหนียว การปั้นข้าวเหนียว "
51,เซิ้งตังหวาย,"เซิ้งตังหวาย เป็นศิลปะการแสดงที่ปรากฏในวัฒนธรรมสองฝั่งแม่น้ำโขง
ระหว่างไทยและลาว โดยเริ่มต้นจากการขับลำนำประกอบดนตรี 
ต่อด้วยการฟ้อนรําประกอบทํานองลำตังหวาย เป็นที่นิยมนํามา 
ขับลําเพื่อความบันเทิงสองฝั่งแม่น้ำโขง และมีการนํามาสร้างสรรค์
การขับร้องประกอบการแสดงอยู่เสมอ"
52,เซิ้งไทภูเขา,"ไทภูเขา คือ ชาวไทยกลุ่มหนึ่ง อาศัยอยู่ตามแถบเทือกเขาภูพาน
การแสดงชุดนี้สื่อถึงวิถีชีวิตของชาวภูไท ในการเดินทางขึ้นภูเขา 
เพื่อหาวัตถุดิบมาประกอบอาหาร เช่น การขุดหน่อไม้ เก็บใบย่านาง 
เก็บเห็ด ตัดหวาย เก็บผัก เมื่อเสร็จกิจกรรมก็กราบคารวะขอขมาผีภู
หรือเจ้าที่เจ้าทางบนภูเขา"
53,เซิ้งโปงลาง,"เซิ้งโปงลาง เป็นการแสดงของชายหนุ่มหญิงสาว หลังเสร็จสิ้นภารกิจการงาน
ก็จะมาร่วมพบปะสังสรรค์รื่นเริงและเกี้ยวพาราสีกันเป็นที่สนุกสนาน
ใช้ผู้แสดงชาย - หญิง มีโปงลางเป็นเครื่องดนตรีหลักในการดําเนินทํานอง"
54,เซิ้งสวิง,"เซิ้งสวิง เป็นการแสดงพื้นเมืองของภาคตะวันออกเฉียงเหนือ
ที่เกี่ยวกับอาชีพจับสัตว์น้ำ มีสวิงเป็นเครื่องมือที่นํามาประกอบการเซิ้ง
เข้ากับทํานองดนตรีที่มีจังหวะรุกเร้าสนุกสนาน ใช้ผู้แสดงชาย - หญิง 
ท่ารําเลียนแบบท่าทางธรรมชาติในการออกไปประกอบอาชีพจับปลา 
ความสวยงามของกระบวนท่ารําอยู่ที่ขั้นตอนในการจับปลาประดิษฐ์ให้มีความสนุกสนาน หยอกล้อกันระหว่างชายหญิง"
55,ฟ้อนภูไท,"ฟ้อนภูไท เป็นการร่ายรําของชาวภูไท ซึ่งมีเชื้อสายสืบต่อกันมา
ในดินแดนลุ่มแม่น้ำโขงและเทือกเขาภูพาน อันประกอบด้วยจังหวัด นครพนม
สกลนคร กาฬสินธุ์ มุกดาหาร นิยมฟ้อนในโอกาสรื่นเริงของวันนักขัตฤกษ์ 
โดยผู้ฟ้อนสวมเล็บที่ประดิษฐ์ขึ้น ส่วนปลายติดพู่สีแดง 
ก่อให้เกิดความสวยงามเมื่อเคลื่อนไหวมือ"
56,ฟ้อนภูไท 3 เผ่า,"ฟ้อนภูไท 3 เผ่า เป็นการแสดงลีลาการฟ้อนรําของชาวภูไทที่อาศัย 
อยู่บนเทือกเขาภูพาน 3 จังหวัด คือ กาฬสินธุ์ สกลนคร และนครพนม
ใช้ผู้แสดงชาย - หญิง ประกอบด้วยการแสดงฟ้อนมวยโบราณ 
ต่อสู้การแสดงเชิงมวย และการเกี้ยวพาราสีของชาย-หญิง 
ต่อมาใช้ผู้แสดงหญิงเท่านั้น"
57,ฟ้อนหมากกั๊บแก๊บลำเพลิน,"ฟ้อนหมากกั๊บแก๊บลําเพลิน เป็นการแสดงที่รวมนาฏศิลป์พื้นบ้าน 
2 ประเภทเข้าด้วยกัน คือ หมากกับแก๊บ และลําเพลิน หมากกับแก๊บ
คือ เครื่องดนตรีประกอบจังหวะของภาคอีสาน มี 2 ชนิด คือ ไม้สั้น พื้นผิวเรียบ
ไม้ยาว พื้นผิวมีร่องฟันปลา เพื่อขูดกันทําให้เกิดเสียง สามารถเล่นได้ทุกโอกาสที่มี
การบรรเลงดนตรีพื้นบ้าน ลําเพลิน คือ การขับร้องอีกประเภทหนึ่งของชาวอีสาน
เมื่อนําทัง 2 ประเภท มารวมกันจึงเกิดเป็นการแสดงนาฏศิลป์พื้นบ้านของชาวอีสาน 
ที่มีความสนุกสนาน หยอกล้อกันระหว่างชายหญิง"
58,กราววีรชัยยักษ์,"กราววีรชยยักษ์ เป็นการแสดงของเสนายักษ์ กระบวนท่าทาง
การเต้นตามแบบการแสดงโขน ลีลาท่ารําแสดงให้เห็นพละกําลัง ความพร้อมเพรียง และความสง่างาม โดยนําท่าทางมาจากกระบวนการจัดทัพตรวจพล ของกองทัพยักษ์ฝ่ายลงกาจากเรื่องรามเกียรติ์"
59,กราววีรชัยลิง,"กราววีรชยลิง เป็นการแสดงการจัดพลของเหล่าวานรสิบแปดมงกุฎ 
ซึ่งเป็นเสนาวานรของกองทัพพระรามในเรื่องรามเกียรติ์
 กระบวนลีลาท่าทาง มีความคล่องแคล่ว ว่องไวและความเข้มแข็ง โดยนําท่าทางมาจากการรําตรวจพล ท่าทางการต่อสู้ และท่าทางเลียนแบบกิริยาอาการซุกซนของลิงมาสร้างสรรค์เป็นท่ารํา"
60,การแสดงโขนเรื่องรามเกียรติ์ ชุดยกรบ,"การแสดงโขน เรื่องรามเกียรติ์ ชุดยกรบ กล่าวถึงการทําสงคราม
ระหว่างกองทัพฝ่ายพระรามและฝ่ายทศกัณฐ์ แสดงถึงกระบวนการรบ
ระหว่างพระราม พระลักษมณ์ พร้อมด้วยไพร่พลวานร กับทศกัณฐ์เจ้ากรุงลงกา แสดงให้เห็นชั้นเชิงและลีลาการรบด้วยอาวุธ การต่อตัวของตัวละคร หรือที่เรียกว่า “การขึ้นลอย” "
61,การแสดงโขนเรื่องรามเกียรติ์ ตอน  จองถนน,"หลังจากที่พระรามได้นำพลวานรจากเมืองขีดขิน และเมืองชมพู ยกทัพมาตั้งอยู่ตรงข้ามกับ 
เกาะกรุงลงกา พระรามจึงปรึกษาหาวิธีที่จะข้ามไปยังกรุงลงกา ข้าทหารทั้งหลายต่างทูลอาสาต่าง ๆ กันไป เช่น เหาะข้ามทะเลไปถึงกรุงลงกา โน้มพระเมรุบรรพตใช้เป็นทาง วิดน้ำในทะเลให้แห้งข้ามไป ให้ลิงขยายร่างใหญ่โต นำไพร่พลลิงใส่มือข้ามไป นิมิตเป็นสำเภาใหญ่ใช้ข้ามไป หรือเอาหางพาดเชื่อมสองฝั่ง ให้ไพร่พลลิง ไต่ข้ามไป ชามพูวราช กราบทูลพระรามว่า การจะทำสิ่งเหล่านั้นไม่สมพระเกียรติยศ สมควรให้ไพร่พลลิง
ไปขนหินมาทิ้งลงทะเล หรือ “จองถนน” ข้ามไปยังกรุงลงกา"
62,การแสดงโขนเรื่องรามเกียรติ์ ตอน  นารายณ์ปราบนนทก,"นนทก เป็นยักษ์ที่นั่งประจำอยู่เชิงบันไดเขาไกลลาศ มีหน้าที่ล้างเท้าให้เหล่าเทวดาที่มาเข้าเฝ้า
พระอิศวร แต่ถูกรังแกอยู่เป็นประจำ นนทกเข้าเฝ้าพระอิศวรแล้วกราบทูลขอนิ้วเพชร ที่มีฤทธิ์ชี้ผู้ใดก็ให้ผู้นั้น
ตาย พระอิศวรเห็นว่านนทกปฏิบัติหน้าที่รับใช้พระองค์มานาน จึงประทานพรให้ตามที่ขอ ไม่นานนักนนทก
ก็มีใจกำเริบไม่ปฏิบัติหน้าที่ พระอิศวรทรงทราบก็กริ้ว โปรดให้พระนารายณ์ไปปราบนนทก"
63,การแสดงโขนเรื่องรามเกียรติ์ ตอน  ศึกแสงอาทิตย์,แสงอาทิตย์ ตัวละครฝ่ายลงกา เป็นโอรสองค์ที่สองของพญาขร เป็นอนุชาของมังกรกัณฐ์ มีอาวุธเป็นแว่นแก้วสุรกานต์ที่พระพรหมประทานให้ หากใช้ส่องไปที่ใครจะทำให้ผู้นั้นถึงแก่ความตาย ทศกัณฐ์สั่งให้แสงอาทิตย์ยกทัพออกไปรบกับพระราม พิเภกทูลพระรามว่าแสงอาทิตย์มีแว่นแก้วสุรกานต์เป็นอาวุธฝากไว้ที่พระพรหม กองทัพพระรามจึงวางอุบายเพื่อชิงแว่นแก้วสุรกานต์
64,การแสดงโขนเรื่องรามเกียรติ์ ตอน  หนุมานชาญสมร,"""หนุมาน"" ทหารเอกของพระราม ถ่ายทอดเรื่องราวของหนุมานตั้งแต่การเตรียมการให้กำเนิดหนุมาน พระอิศวรมีบัญชาให้พระพายเป็นบิดา นำเทพศาสตราและพละกำลังของพระองค์ไปซัดใส่ปากนางสวาหะ               ให้บังเกิดบุตรเป็น วานรและประทานนามว่า “หนุมาน” นางสวาหะได้บอกกับหนุมนว่าหากมีผู้ใดแลเห็น               และมาทักทายถึง กุณฑล ขนเพชร เขี้ยวแก้วที่มีประจำกาย ผู้นั้นคือองค์พระนารายณ์ อวตารให้เข้าสวามิภักดิ์ฝากตัวเป็นข้ารับใช้ จนถึงถวายพลกับพระราม และร่วมกองทัพฝ่ายพลับพลายกทัพไปกรุงลงกา"
65,การแสดงโขนเรื่องรามเกียรติ์ ตอน กุมภกรรณพุ่งหอกโมกขศักดิ์,"กุมภกรรณ เป็นอนุชาของทศกัณฐ์ ดำรงตำแหน่ง อุปราชแห่งกรุงลงกา กุมกรรณเป็นพญายักษ์ 
ที่ครองธรรมรักษาไว้ซึ่งสัจจะและความสุจริตยุติธรรม หลังจากที่มัยราพณ์ พระนัดดาสิ้นชีพลง ทศกัณฐ์ ได้รำพึงถึงการศึกที่จะทำสงครามกับฝ่ายพระราม ทศกัณฐ์นึกถึงกุมภกรรณ จึงเชิญขึ้นมาเฝ้าปรึกษาศึก กุมภกรรณทูลให้ทศกัณฐ์ส่งนางสีดาคืนไป แต่ทศกัณฐ์กริ้ว จึงประกาศโทษและขับไล่ กุมภกรรณเห็นว่า เมื่อทัดทานมิเป็นผลจึงจำใจรับอาสาออกทำสงคราม โดยจะนำหอกโมกขศักดิ์อันมีฤทธิ์ร้ายกาจ ซึ่งฝากไว้กับพระพรหมสู้ศึกกับพระราม"
66,การแสดงโขนเรื่องรามเกียรติ์ ตอน ขับพิเภก,"คืนหนึ่งทศกัณฐ์ฝันว่ามีพญาแร้งขนสีขาวบินมาจากทิศตะวันออก ร่อนมาที่หน้าพระลานวัง 
ทศกัณฐ์ตีกันกับแร้งดำที่มาจากทางทิศตะวันตก แร้งดำปราชัยกลายร่างเป็นยักษ์ มีกะลาน้ำมันยาง มีไส้กะลาวางเหนือมือทศกัณฐ์ มีหญิงนางหนึ่งวิ่งมาจุดไส้กะลา ไฟไหม้ติดมือ พิษร้อนแรงไปทั่วร่าง เมื่อตื่นขึ้นจึงเรียกพิเภกมาทำนาย พิเภกทำนายฝันว่า กะลาคือกรุงลงกา ไส้กะลาคือทศกัณฐ์ น้ำมันยางคือพระญาติวงศ์ทั้งหลาย เพลิงคือนางสีดา หญิงที่วิ่งมาจุดไฟคือนางสำมนักขา แร้งเผือกคือพระราม แร้งดำคือ ทศกัณฐ์ การศึกครั้งนี้ร้ายแรงนัก ทศกัณฐ์โกรธมากให้พิเภกสะเดาะเคราห์ แต่พิเภกบอกว่าสะเดาะไม่ได้ทำให้ร้ายกลายเป็นดี หนทางเดียว คือ คืนนางสีดาให้แก่พระราม ทศกัณฐ์โกรธพิเภกมากถึงขนาดตัดพี่ตัดน้อง ยึดเมียคือนางตรีชฎาไปเป็นทาสรับใช้นางสีดา ยึดสมบัติทั้งหมดแล้วขับไล่ออกไปจากเมือง"
67,การแสดงโขนเรื่องรามเกียรติ์ ตอน นางลอย,"พิเภก ทำนายฝันว่า ทศกัณฐ์ จะแพ้สงครามและถูกฆ่าตาย ควรจะสะเดาะเคราะห์โดยคืนนางสีดาไป
ให้แก่พระราม แต่ทศกัณฐ์โกรธจึงขับพิเภกออกไปจากกรุงลงกา เมื่อพิเภกออกจากกรุงลงกาแล้ว จึงไปอยู่ด้วย
กับกองทัพพระราม ทศกัณฐ์คิดหาทางยุติศึกชิงตัวนางสีดากับพระราม โดยคิดว่า ถ้าหากพระรามเห็นว่านางสี
ดาตายไปแล้ว พระรามคงจะยกทัพกลับไปเอง จึงให้นางเบญกายแปลงเป็นนางสีดา จำแลงกายเป็นศพลอย
ตามแม่น้ำไปที่หน้าพลับพลาของพระราม"
68,การแสดงโขนเรื่องรามเกียรติ์ ตอน พระคเณศเสียงา,ปรศุรามเป็นอวตารของพระนารายณ์ ได้ยืมขวานจากพระอิศวรไปทำลายเหล่ากษัตริย์ เมื่อเสร็จภารกิจจะเข้าเฝ้าที่เขาไกรลาส ระหว่างนั้นบริเวณพระตำหนักชั้นในพระศิวะเทพกำลังสนทนาอยู่กับนางปารวตีพระคเณศ ไม่ยอมให้ปรศุรามเข้าพบ ปรศุรามโมโห เลยใช้ขวานของพระศิวะขว้างไปยังพระคเณศ พระองค์จำใจต้องใช้งาข้างซ้ายรับขวานนั้น ด้วยเหตุที่ท่านทรงมีความกตัญญูเป็นอย่างยิ่งในตัวพระบิดา แม้จะต่อสู้กันไปก็อาจทำได้ แต่การทำลายฤทธิ์เดชของอาวุธของบิดาตนเองนั้นไม่ใช่ทางที่ได้ประโยชน์แก่ฝ่ายใดจึงยอมสละงาเพื่อรักษาอาวุธของพระอิศวรด้วยความกตัญญู
69,การแสดงโขนเรื่องรามเกียรติ์ ตอน พระรามตามกวาง,กวางทอง คือ มารีศ พระยายักษ์เป็นลูกของนางกากนาสูร ซึ่งรับพระราชบัญชาของทศกัณฐ์แปลงกายเป็นกวางทองมาล่อหลอกให้นางสีดาอยากได้กวางทอง พระรามจึงเสด็จตามกวางทองไปในป่าตามกลอุบายของทศกัณฐ์
70,การแสดงโขนเรื่องรามเกียรติ์ ตอน พาลีสอนน้อง,พาลีผู้ครองนครขีดขิน เมื่อใกล้จะตายได้เรียกสุครีพผู้เป็นอนุชา มาสั่งสอนให้รับใช้พระรามด้วยความจงรักภักดี พาลีได้สอนหลักปฏิบัติในการรับราชการว่า พระมหากษัตริย์ทรงเป็นสมมุติเทพ ผู้ที่จะเข้ารับใช้จึงต้องเจียมตน จึงสอนสุครีพเกี่ยวกับหลักราชการเป็นอเนกประการ
71,การแสดงโขนเรื่องรามเกียรติ์ ตอน ลักสีดา,"ทศกัณฐ์หลงใหลในความงามของนางสีดา จากการฟังคำบอกเล่าของนางสำมนักขา จึงสั่งให้มารีศ
จำกายเป็นกวางทองไปล่อหลอกนางสีดา เมื่อนางสีดาเห็นกวางทองก็ขอให้พระรามไปตามจับ พระรามพบว่า
มารีศเป็นยักษ์แปลงเป็นกวาง จึงยิงด้วยศร ก่อนตายมารีศแกล้งทำเสียงเป็นพระรามร้องขอความช่วยเหลือ
นางสีดาได้ยิน จึงให้พระลักษมณ์ตามไปช่วย ทศกัณฐ์แปลงเป็นฤาษีแดงเข้าไปลักตัวนางสีดากลับเข้ากรุงลงกา"
72,การแสดงโขนเรื่องรามเกียรติ์ ตอน ศึกพรหมาสตร์,"สองสารัณยักษ์ได้กราบทูลทศกัณฐ์ เรื่องที่มังกรกัณฐ์และแสงอาทิตย์ผู้เป็นหลาน ถูกฝ่ายพระราม
สังหารสิ้นชีวิต ทศกัณฐ์จึงใช้กาลสูรให้ไปแจ้งข่าวศึกแก่อินทรชิต กาลสูรรีบไปตามพระบัญชา ขณะนั้น
อินทรชิตกำลังทำพิธีชุบศรพรหมาสตร์จึงกริ้วโกรธที่กาลสูรมาทูลเรื่องร้ายให้เป็นลางกลางพิธี แต่ก็ไม่อาจขัด
รับสั่งได้จำต้องออกจากพิธี แล้วสั่งให้รุทการเตรียมจัดกองทัพ โดยตนเองแปลงตัวเป็นพระอินทร์ให้การุณราช
แปลงกายเป็นช้างเอราวัณ และไพร่พลแปลงตนเป็นเทวดานางฟ้า หมายจะล่อลวงฝ่ายพระรามให้หลงกล"
73,การแสดงโขนเรื่องรามเกียรติ์ ตอน ศึกวิรุญจำบัง,วิรุญจำบัง เป็นโอรสของพญาทูษณ์ กษัตริย์เมืองจารึกองค์ที่ 1 โอรสองค์ที่ 5 ของท้าวลัสเตียน กับนางรัชฎา น้องชายร่วมบิดามารดาของทศกัณฐ์ วิรุณจำบังมีม้าทรงคู่ใจตัวดำปากแดงชื่อ นิลพาหุ ซึ่งสามารถหายตัวได้ทั้งตนและม้า วิรุณจำบังรับอาสาทศกัณฐ์ยกทัพไปทำสงครามกับพระรามและพลวานร  ซึ่งกำลังมุ่งหน้ามาที่กรุงลงกา เพื่อทวงนางสีดาคืน โดยไปสมทบกับทัพของท้าวสัทธาสูร เจ้าเมืองอัสดง สหายอีกตนของทศกัณฐ์
74,การแสดงโขนเรื่องรามเกียรติ์ ตอน ศึกวิรุญมุข,"วิรุญมุขเป็นโอรสวิรุญจำบัง ขณะที่อินทรชิตทำพิธีชุบศรนาคบาศที่เขาอังกาศ ทศกัณฐ์ให้มังกรกัณฐ์
มาขัดตาทัพแต่ถูกฆ่าตาย จึงให้วิรุญมุขไปขัดตาทัพอีกครั้ง วิรุญมุขนอกจากสามารถเหาะเหินเดินอากาศ ได้แล้วยังหายตัวพรางกายได้เป็นเยี่ยม เมื่อชามพูวราชรับอาสาพระรามไปทำลายพิธีอินทรชิต โดยแปลงร่างเป็นหมีไปกัดไม้โรงพิธีจนหักพังอินทรชิตจึงชุบศรไม่สำเร็จก็กลับมายังสมรภูมิรบร่วมกับวิรุญมุข วิรุญมุขได้ใช้วิชาหายตัวฆ่าพลลิงตายเป็นจำนวนมาก พิเภกจึงทูลพระลักษมณ์ว่าเหตุที่ลิงตายเพราะวิรุญมุขหายตัวฆ่าพลลิง พระลักษมณ์จึงแผลงศรเป็นข่ายเหล็กรัดตัววิรุญมุขแล้วบัญชาให้หนุมานสักหน้าวิรุญมุขก่อนปล่อยตัวไป"
75,การแสดงโขนเรื่องรามเกียรติ์ ตอน ศึกสัทธาสูร,ทศกัณฐ์ให้สัทธาสูร และวิรุญจำบัง ลูกพระยาทูษณ์ไปรบหนุมานออกอุบายให้การขออาวุธจากเทวดาของสัทธาสูรไม่เป็นผล สัทธาสูรถูกหนุมานฆ่าตาย ส่วนวิรุญจำบังสู้ไม่ได้ จึงทำอุบายเพื่อจะหนีได้เอาผ้ามาทำเป็นพยนต์ขี่ม้ามาต่อสู้แทน ส่วนตนจะหลบหนีไป ต่อมาพระรามรู้ว่าวิรุญจำบังที่รบอยู่ไม่ใช่ตัวจริง ก็แผลงศรพาลจันทร์เป็น ข่ายเพชรล้อมผ้าพยนต์ แล้วให้หนุมานตามไปฆ่า พบนางวานรินทร์ นางบอกทางให้หนุมานเหาะไปสุดเขาสัตภัณฑ์พบฟองน้ำใหญ่จึงจับไว้ วิรุญจำบังกลายเป็นรูปเดิมเข้าต่อสู้แต่แพ้ได้แหวกน้ำไปอยู่ใต้  ดินดาล หนุมานตามจนพบจับวิรุญจำบังฟาดกับภูเขาจนตาย
76,การแสดงโขนเรื่องรามเกียรติ์ ตอน สามจับ,กุมภกรรณออกอุบายลวงสุครีพไปถอนต้นรังเพื่อหวังทอนกำลังสุครีพ บอกว่าถ้าสุครีพถอนต้นรังได้ ตนจะยอมถอยทัพ สุครีพไปถอนต้นรังจนหมดแรงกลับมาสู้กุมภกรรณไม่ได้ หนุมานกับองคตต้องมาช่วยสุครีพต่อสู้กับกุมภกรรณ ถึงเอาชนะได้
77,การแสดงโขนเรื่องรามเกียรติ์ ตอน สุครีพถอนต้นรัง,กุมภกรรณ อนุชาของทศกัณฐ์ จำต้องยอมออกศึกตามคำสั่งของทศกัณฐ์ผู้เป็นเชษฐา เมื่อยกทัพมาพบสุครีพ นายทัพหน้าฝ่ายพลับพลา กุมภกรรณออกอุบายลวงสุครีพไปถอนต้นรังเพื่อหวังทอนกำลังสุครีพ โดยบอกว่าถ้าถอนได้ตนจะยอมถอยทัพ สุครีพก็ไปถอนต้นรัง ตามคำท้าจนเหนื่อยจุกหมดแรง กลับมาสู้ กุมภกรรณไม่ได้ หนุมานกับองคตต้องมาช่วยรุมทึ้งกุมภกรรณถึงเอาชนะได้
78,กินนรีร่อนออกมโนราห์บูชายัญ,"ระบำกินรีร่อน เป็นการแสดงชุดหนึ่งในการแสดงละครชาตรีเรื่อง มโนราห์ ลักษณะกระบวนท่ารำ
แสดงถึงอากัปกิริยาของนางกินรีพี่น้องทั้ง 7 นาง ที่ชักชวนกันบินร่อนลงเล่นน้ำที่สระอโนดาต"
79,เมขลา รามสูร,"เมขลา รามสูร เป็นตัวละครที่ปรากฏในตำนานเทพนิยายของไทยมาแต่โบราณ
แสดงลีลาการไล่ติดตามระหว่างรามสูรกับนางเมขลา จากมูลเหตุที่นางเมขลา
เทพธิดาที่คอยชวยเหลือผู้คนในท้องทะเล เดินทางออกจากวิมานไปร่วมร่ายรํา
กับเหล่าเทวดานางฟ้าในช่วงวสันตฤดู (ฤดูฝน) พร้อมโยนดวงแก้วประจํากาย 
ให้เกิดแสงอย่างงดงาม ขณะเดียวกันรามสูรซึ่งเป็นอสูรเทพบุตรได้เหาะมาพบ
และเห็นแสงจากดวงแก้ว จึงไล่ติดตามเพื่อช่วงชิงดวงแก้วมาเป็นของตน "
80,รจนาเสี่ยงพวงมาลัย,"เป็นการแสดงที่มีลักษณะพิเศษตอนหนึ่ง ในบทละครเรื่องสังข์ทอง ซึ่งมีพระสังข์เป็นพระเอก และรจนา เป็นนางเอก ในตอนรจนาเสี่ยงพวงมาลัยนี้มีชื่อเรื่องว่า พระสังข์ซึ่งตัวจริง รูปร่างสวยงาม ผิวเป็นทองทั้งตัว แต่แกล้งปลอมแปลงตัวโดยเอารูปเงาะเข้าสวมใส่แล้วแกล้งทำเป็นบ้าใบ้ พระสังข์ในตอนนี้จึงถูกเรียบตามรูปนอกว่า “เจ้าเงาะ” แล้วถูกพามาให้เจ้ารจนา ซึ่งเป็นเจ้าหญิงเลือกคู่ เนื่องจากเป็นบุปเพสันนิวาส 
นางรจนาจึงมองเห็นรูปทองข้างในของเจ้าเงาะ แล้วทิ้งพวงมาลัยให้เพื่อเลือกพระสังข์ คือเจ้าเงาะปลอม เป็นสวามี"
81,ระบำกรับ,"ระบำกรับ เป็นระบำที่ใช้กรับพวงประกอบการแสดง 
ซึ่ง ""กรับพวง"" เป็นเครื่องดนตรีไทยชนิดหนึ่ง โดยผู้แสดงใช้มือขวา ถือกรับพวง ตีกระทบส่วนต่าง ๆ ของร่างกาย เช่น ฝ่ามือ ไหล่ ต้นขา เป็นต้น ร่ายรำตามท่วงทำนองและจังหวะของเพลงที่มีทั้งช้าและเร็ว"
82,ระบำกฤดาภินิหาร,"การแสดงชุดนี้อยู่ในตอนท้ายเรื่องเกียรติศักดิ์ไทย อันเป็นการร่ายรําของเหล่าเทวดานางฟ้า
ที่ได้ทราบถึงความเจริญรุ่งเรืองยิ่งใหญ่ของชาติไทย จึงเกิดความปิติยินดีชื่นชมโสมนัส ต่างพากันมาอวยชัยให้
พร ผู้แต่งบทร้องคือ นางสุดา บุษปฤกษ์ ผู้ประดิษฐ์ท่ารําคือ นางลมุล ยมะคุปต์ และนางศุภลักษณ์ ภัทรนาวิก
(หม่อมครูต่วน) ผู้เชี่ยวชาญการสอนนาฏศิลป์ไทย กรมศิลปากร ด้วยความหมายอันเป็นมงคลของระบําชุดนี้
ต่อมาจึงนําออกแสดงในระบําชุดเอกเทศ มักใช้วงปี่พาทย์ไม้นวมในการบรรเลง แต่บางโอกาสก็คงใช้วงดุริยางค์
สากลบรรเลงอยู่ การแสดงระบําชุดนี้ยังเป็นที่นิยมแสดงกันอย่างแพร่หลาย"
83,ระบำกินรีร่อน,ระบำกินรีร่อน กล่าวถึงเหล่ากินรีที่มีลักษณะเป็นมนุษย์ผู้หญิง ซึ่งมีปีกหางประดุจนก พากันบินร่อนลงมาจากเขาไกรลาสเพื่อเล่นล่นน้ำในสระอโนดาต มีลีลาการเริงระบำอ่อนช้อยงดงาม สนุกสนาน ตามท่วงทำนองและจัะจังหวะเพลง
84,ระบำฉิ่ง,"ระบำฉิ่ง เป็นระบำที่ใช้ฉิ่งประกอบการแสดง ซึ่ง ""ฉิ่ง"" 
เป็นเครื่องดนตรีไทย ที่ใช้กำกับจังหวะในวงดนตรีไทยทุกประเภท โดยผู้แสดงใช้มือทั้งสองถือฉิ่ง ร่ายรำพร้อมกับตีกระทบให้เกิดเสียง ""ฉิ่ง"" ""ฉับ"" และ ""รัวฉิ่ง"" อย่างต่อเนื่อง ตามท่วงทำนอง จังหวะของเพลงที่ประกอบด้วยจังหวะช้าและจังหวะเร็ว"
85,ระบำชุดไทยพระราชนิยม,"ระบำชุดไทยพระราชนิยม สร้างสรรค์ขึ้นโดยนำเครื่องแต่งกายสำหรับสตรีไทย ตามแบบฉลองพระองค์ของสมเด็จพระนางเจ้าสิริกิติ์ พระบรมราชินีนาถ พระบรมราชชนนีพันปีหลวง ประกอบด้วย ไทยเรือนต้น ไทยจิตรลดา ไทยอมรินทร์ ไทยบรมพิมาน ไทยจักรี ไทยดุสิต ไทยจักรพรรดิ์ และไทยศิวาลัย ประดิษฐ์ลีลาท่ารำ
ตามบทร้องเพื่อการอนุรักษ์และเผยแพร่เครื่องแต่งกายสตรีไทย"
86,ระบำดาวดึงส์,"ระบำดาวดึงส์ เป็นระบำมาตรฐานที่อยู่ในละครดึกดำบรรพ์ 
เรื่องสังข์ทอง ผู้แสดงแต่งกายยืนเครื่องพระ นาง เปรียบเสมือนเทพบุตร เทพธิดา จับระบำด้วยลีลาท่ารำที่งดงาม บรรยายถึงทิพยวิมานอันยิ่งใหญ่ ซึ่งเป็นที่ประทับของพระอินทร์บนสวรรค์ชั้นดาวดึงส์"
87,ระบำเทพบันเทิง,"ระบำเทพบันเทิง เป็นระบำมาตรฐานที่อยู่ในละครในเรื่องอิเหนา 
ผู้แสดงแต่งกายยืนเครื่องพระ-นาง เปรียบเสมือนเทพบุตร เทพธิดา ร่ายรำด้วยลีลาท่ารำที่งดงามเพื่อบูชาชาถวายเทพผู้ศักดิ์สิทธิ์ คือ ""องค์ปะตาระกาหลา"" นอกจากนี้ สามารถจัดแสดงในงานต่างๆ เพื่อความเป็นสิริมงคล"
88,ระบำนพรัตน์,"ระบำนพรัตน์ เป็นระบำที่สร้างสรรค์จากความเชื่อในคุณค่า
ของอัญมณี ที่เสริมความเป็นสิริมงคลแก่ผู้ประดับ โดยผู้แสดงเปรียบเสมือนอัญมณี 9 ชนิด ประกอบด้วย เพชร ทับทิม มรกต บุษราคัม โกเมน นิล มุก เพทาย และไพฑูรย์"
89,ระบำพรหมาสตร์,"เป็นระบำของเหล่าเทวดา – นางฟ้า สำหรับแสดงประกอบการแสดงโขน เรื่องรามเกียรติ์ 
ชุดศึกพรหมาสตร์ เนื้อเรื่องกล่าวถึงอินทรชิตโอรสของทศกัณฐ์ กำลังทำสงครามติดพันอยู่กับพระลักษมณ์ จึงใช้กลยุทธลวงพระลักษมณ์และกองทัพวานร โดยอินทรชิตได้แปลงกายเป็นพระอินทร์ และให้การุณราชแปลงตัวเป็นช้างเอราวัณ ซึ่งเป็นพาหนะทรงของตน อีกทั้งให้บรรดาพลยักษ์นักรบในกองทัพแปลงกายเป็นเทพบุตร และนางฟ้า พากันเหาะฟ้อนรำ นำขบวนไปหน้าช้าง เพื่อลวงพระลักษมณ์ และกองทัพวานร ว่าขบวนเสด็จของพระอินทร์กำลังเสด็จผ่านมาในกลางอากาศ "
90,ระบำย่องหงิด,ระบำย่องหงิดเป็นระบำที่อยู่ในละครในเรื่องอุณรุท ตอนศุภลักษณ์วาดรูปซึ่งมีเนื้อเรื่องกล่าวถึง นางศุภลักษณ์พี่เลี้ยงของนางอุษาได้ขออาสาขึ้นไปวาดรูปเทพบุตรบนสวรรค์ขณะที่นางศุภลักษณ์ขึ้นไปบนสวรรค์นั้น ได้พบกับเหล่าเทพบุตรเทพธิดาจับระบำกันด้วยความรื่นเริง บันเทิงใจ ระบำย่องหงิด เป็นระบำที่มีกระบวนท่ารำที่งดงามและมีการแปรแถวที่สอดประสานกันได้อย่างกลมกลืนตามรูปแบบนาฏศิลป์ไทยท่วงท่าต่าง ๆ มีลีลางดงามตามคำร้อง และทำนองเพลงลักษณะการแสดงเป็นการรำเป็นหมู่คู่กันระหว่างเทวดาและนางฟ้า
91,ระบำวิชนี,"ระบำวิชนี สร้างสรรค์ขึ้นด้วยแนวคิดความนิยมในการใช้พัด 
เพื่อบรรเทาความร้อนจากสภาพอากาศของประเทศไทย ผู้แสดงเป็นหญิงสาวแต่งกายชุดนางในราชสำนัก มือขวาถือพัด ""วิชนี"" ร่ายรำตามทำนองเพลงและบทร้อง"
92,ระบำศรีชยสิงห์,"ระบำศรีชยสิงห์ เป็นระบำที่สร้างสรรค์ท่ารำและ
เครื่องแต่งกายเลียนแบบภาพจำหลักของนางอัปสราบายน บริเวณปราสาทเมืองสิงห์ ริมแม่น้ำแควน้อย จังหวัดกาญจนบุรี ปรากฏในจารึกปราสาทพระขรรค์ สมัยพระเจ้าชัยวรมันที่ 7 ว่าดินแดนแถบนี้มีวัฒนธรรมดั้งเดิมผสมผสานระหว่าง มอญ ขอม และไทย"
93,รำซัดชาตรี,"รำซัดซาตรี เป็นการแสดงที่ปรับปรุงมาจากการรำซัดไหว้ครู
ในการแสดงละครชาตรี เป็นรูปแบบการรำเบิกโรงก่อนการแสดงละคร
ในลักษณะการรำคู่ ประกอบด้วยผู้แสดงฝ่ายชายและผู้แสดงฝ่ายหญิง
แสดงลีลาท่ารำรวดเร็วตามท่วงทำนองดนตรี"
94,รำเบิกโรงดอกไม้เงินทอง,"รำเบิกโรงดอกไม้เงินทอง เป็นระบำเบิกโรงละครใน
พระบาทสมเด็จพระจอมเกล้าเจ้าอยู่หัวโปรดฯ ให้ประดิษฐ์ขึ้นใหม่
โดยใช้ผู้แสดง 2 คน แต่งกายยืนเครื่องพระ มือขวาถือดอกไม้ทอง
ส่วนมือซ้ายถือดอกไม้เงิน ร่ายรำตามบทร้องและทำนองเพลง มุ่งให้เกิดความสวัสดิมงคลแก่การแสดง และผู้ชมโดยทั่วกัน"
95,รำประเลง,"เป็นการรำเบิกโรงละครใน อันมีมาแต่โบราณโดยถือกันว่า เป็นประเพณีที่ต้องแสดงก่อนเริ่มการแสดงเรื่องใหญ่ใช้ผู้แสดงแต่งกายยืน เครื่องพระ และสวมหัวเทวดาโล้น ปิดหน้า 2 คน สมมติว่าเป็นเทวดาถือ
หางนกยูงทั้งสองมือ ออกมารำตามทำนองเพลงหน้าพาทย์ ซึ่งอาจใช้เพลงกลมหรือโคมเวียน แล้วออกด้วยเพลงชำนาญ อันเป็นเพลงประกอบอิริยาบถไปมาของผู้มีอิทธิฤทธิ์ศักดิ์สิทธิ์ เพื่อให้เกิดสวัสดิมงคลและ
ปัดรังควาญ ป้องกันเสนียดจัญไร ที่จะเป็นอุปสรรคแก่การแสดงต่อไป"
96,รำฝรั่งคู่,"รำฝรั่งคู่ เป็นการแสดงรำคู่ชุดหนึ่ง ผู้แสดงร่ายรำด้วยลีลาประกอบทำนอง
เพลงฝรั่งรำเท้า ตะเขิ่ง เจ้าเซ็น เพลงเร็ว เพลงฉิ่ง จีนรัว จีนรำพัดและจีนถอน
แต่งกายยืนเครื่องพระ-นาง มือทั้งสองถือพัดประกอบการร่ายรำ ในช่วงท้ายของการแสดง"
97,รำพลายชุมพล,"การรำพลายชุมพลแต่งตัวเป็นการรำเดี่ยวที่อยู่ในละครเสภา เรื่องขุนช้างขุนแผน ตอนพระไวยแตกทัพ  ในตอนนี้ได้กล่าวถึงพลายชุมพล จะออกไปทำศึกกับพระไวย โดยปลอมตัวเป็นมอญไปออกรบกับ
พระไวย เพื่อหวังคิดแก้แค้นที่พระไวยเคยมีวาจาล่วงเกินตน ใช้ทำนองเพลงมอญดูดาวประกอบถึงเนื้อเรื่องบรรยายถึงการแต่งตัว แสดงให้เห็นถึงความองอาจสง่างามของตัวละครพลายชุมพล"
98,รำมโนห์ราบูชายัญ,"รำมโนห์ราบูชายัญ เป็นการแสดจร้าเดี่ยว กล่าวถึงนาจบโนห์รา
มนุษย์ผู้หญิงที่มีปีกหางประดุจนก การแสดงมุ่งมุ่งเน้นลีลาการร่ายรำรอบกองไฟ ในพิธีบูชายัญก่อนบินหนีกลับไปยังเขาไกรลาส"
99,รำแม่บท,"รำแม่บท เป็นรำมาตรฐาน ใช้สำหรับการฝึกหัดเบื้องต้นด้านนาฏศิลป์ไทย
บทร้องกำหนดชื่อท่ารำไว้อย่างชัดเจน แต่งกายยืนเครื่องพระ-นาง
รำแม่บทนี้เป็นต้นแบบบในการสร้างกระบวนท่ารำในการแสดชุดต่าง ๆ"
100,หนุมานจับนางเบญกาย,"หนุมานจับนางเบญกาย เป็นการแสดงชุดหนึ่งอยู่ในการแสดงโขน
เรื่องรามเกียรติ์ แสดงถึงลีลาร่ายรําในการไล่ติดตามและเกี้ยวพาราสีระหว่างหนุมาน
ซึ่งเป็นวานรกับนางเบญกายซึ่งเป็นยักษิณี จากมูลเหตุที่นางเบญกาย
ได้รับคำสั่งจากทศกัณฐ์ให้ปลอมเป็นนางสีดาแสร้งตายลอยน้ำเป็นอุบาย 
ให้พระรามยกทัพกลับไป แต่ถูกพิสูจน์เพื่อหาตัวตนแท้จริงโดยการ
นําไปเผาไฟ เมื่อนางทนต่อความร้อนไม่ได้จึงคืนร่างกลับดังเดิม
แล้วพยายามเหาะหลบหนี แต่หนุมานไล่ตามจับไว้ได้ "
101,หนุมานจับนางสุพรรณมัจฉา,"หนุมานจับนางสุพรรณมัจฉา เป็นการแสดงชุดหนึ่งอยู่ในการแสดงโขน
เรื่องรามเกียรติ์  กระบวนท่ารําสื่อถึงการไล่จับ และการเกี้ยวพาราสี
ของตัวละครระหว่างหนุมานซึ่งเป็นวานรกับนางสุพรรณมัจฉา
ซึ่งเป็นผู้หญิงที่มีหางเป็นปลา จากมูลเหตุที่นางสุพรรณมัจฉาพา
เหล่าบริวารปลามาคาบก้อนหินเพื่อขัดขวางมิให้กองทัพของพระราม
ทําถนนข้ามมหาสมุทร เพื่อเดินทางไปชวยนางสีดาที่กรุงลงกา"
102,ระบำเซียงแสน,"ระบําเชียงแสน เป็นระบําโบราณคดีที่สร้างสรรค์ท่ารําจากภาพจิตรกรรมฝาผนัง 
และลายปูนปั้นยุคอาณาจักรเชียงแสน ประมาณพุทธศตวรรษที่ 16 - 23 
ที่ปรากฎในโบราณสถาน ลีลาท่ารําและเสียงดนตรีภาคเหนือ
และภาคตะวันออกเฉียงเหนือ"
103,ระบำทวารวดี,"ระบําทวารวดี เป็นระบําโบราณคดีที่สร้างสรรค์ท่ารําจากโบราณวัตถุ
ภาพจิตรกรรมและประติมากรรม ในสมัยทวารวดีประมาณพุทธศตวรรษที่ 12 - 16
ลีลาท่ารําและเสียงดนตรี ตลอดจนเครื่องแต่งกายมีแบบอย่างจากเชื้อชาติมอญ
อันเป็นชนเผ่าดังเดิมในดินแดนทวารวดี"
104,ระบำลพบุรี,"ระบําลพบุรี เป็นระบําโบราณคดีที่สร้างสรรค์ท่ารําเลียนแบบประติมากรรม
และภาพจําหลักสมัยลพบุรี ที่ปรากฏบนทับหลังและหน้าบันของปราสาทหินพิมาย
จังหวัดนครราชสีมา และปราสาทพนมรุ้ง จังหวัดบุรีรัมย์ อันเป็นศิลปะแบบขอม
ระหว่างพุทธศตวรรษที่ 12 - 13 ดังนั้น วัฒนธรรมจากดินแดนในยุคนี้
จึงส่งผลต่อการสร้างสรรค์ท่ารํา ดนตรี และเครื่องแต่งกาย "
105,ระบำศรีวิชัย,"ระบําศรีวิชัย เป็นระบําโบราณคดีที่สร้างสรรค์ท่ารําจากหลักฐานศิลปกรรม
และโบราณวัตถุสมัยศรีวิชัย มีอาณาจักรตั้งอยู่บนแหลมมลายู 
บริเวณจังหวัดชุมพร ปัตตานี นครศรีธรรมราชและหมู่เกาะอินโดนีเซีย ราวพุทธศตวรรษที่ 13-18 ดังนั้น วัฒนธรรมจากดินแดนในยุคนี้ จึงส่งผลต่อการสร้างสรรค์ท่ารํา ดนตรี และเครื่องแต่งกาย "
106,ระบำสุโขทัย,"ระบําสุโขทัย เป็นระบําโบราณคดีที่สร้างสรรค์ท่ารําจากประติมากรรม
พระพุทธรูปปูนปั้นและพระพุทธรูปหล่อสำริดปางลีลาสมัยสุโขทัย
ระหว่างพุทธศตวรรษที่ 19 - 20 ดังนั้น ท่ารําและดนตรี
ตลอดจนเครื่องแต่งกายจึงมีรูปแบบจากสมัยสุโขทัย"
107,ฉุยฉายทศกัณฐ์ลงสวน,"ฉุยฉายทศกัณฐ์ลงสวน เป็นการแสดงชุดหนึ่งในการแสดงโขน
เรื่องรามเกียรติ์  กล่าวถึงทศกัณฐ์ เจ้ากรุงลงกา แสดงลีลาท่ารํา
ด้วยความภาคภูมิใจในความสง่างามของตน โดยมือขวาถือพัด
และคล้องพวงมาลัย เพื่อไปเกี้ยวนางสีดา "
108,ฉุยฉายเบญกาย,"ฉุยฉายเบญกาย เป็นการแสดงชุดหนึ่งในการแสดงโขนเรื่องรามเกียรติ์
กล่าวถึงนางเบญกาย แสดงลีลาท่ารําด้วยความภาคภูมิใจในความงามของตน
ที่สามารถแปลงกายได้งดงามเหมือนนางสีดา เพื่อทําอุบายตามคําสั่ง
ของทศกัณฐ์ ในการยุติสงครามกับพระราม"
109,ฉุยฉายพราหมณ์,"ฉุยฉายพราหมณ์ เป็นการแสดงชุดหนึ่งปรากฏในการแสดงเบิกโรง
ชุด พระคเณศเสียงา กล่าวถึง พระนารายณ์แปลงกายเป็นพราหมณ์น้อย ร่ายรําอย่างงดงามเพื่อขอพรต่อพระอุมามเหสีของพระอิศวร ผู้เป็นเทพเจ้าองค์หนึ่งตามความเชอของชาวฮินดู"
110,ฉุยฉายยอพระกลิ่น,"ฉุยฉายยอพระกลิ่น เป็นการแสดงชุดหนึ่งในการแสดงละครนอก
เรื่องมณีพิชัย กล่าวถึง นางยอพระกลิ่นนางเอกของเรื่อง
แสดงลีลาท่ารําด้วยความภาคภูมิใจในความงามของตน
ก่อนออกเดินทางไปพบพระมณีพิชัยผู้เป็นพระสวามี "
111,ฉุยฉายวันทอง,"ฉุยฉายวันทอง เป็นการแสดงชุดหนึ่งอยู่ในการแสดงละคร
เรื่องขุนชางขุนแผน กล่าวถึง นางวันทอง มารดาของพระไวย 
ซึ่งเสียชวิตไปแล้ว แต่ยังคงมีความห่วงใยบุตร จึงแปลงกาย 
เป็นสาวงามแสดงลีลาท่ารําด้วยความภาคภูมิใจในความงามของตน
เพื่อไปแจ้งกลอุบายศึกแก่พระไวยผู้เป็นบุตรชาย"
112,ฉุยฉายศูรปนขา,"ฉุยฉายศูรปนขา เป็นการแสดงชุดหนึ่งอยู่ในการแสดงโขน
เรื่องรามเกียรติ์  กล่าวถึง นางศูรปนขายักษิณีผู้เป็นน้องสาวทศกัณฐ์
แปลงกายเป็นสาวงามแสดงลีลาท่ารําด้วยความภาคภูมิใจในความงามของตน
เพื่อไปเกี้ยวพาราสีพระราม"
113,ฉุยฉายหนุมานทรงเครื่อง,"ฉุยฉายหนุมานทรงเครื่อง เป็นการแสดงชุดหนึ่งอยู่ในการแสดงโขน
เรื่องรามเกียรติ์ กล่าวถึงหนุมาน วานรกายสีขาวทหารเอกของพระราม
ทําอุบายไปเป็นฝ่ายทศกัณฐ์ แสดงการแต่งองค์ทรงเครื่องแบบยักษ์ ด้วยลีลาการร่ายรําผสมผสานกิริยาของวานร ก่อนออกเดินทาง ไปร่วมทําสงครามครังสุดท้ายระหว่างพระรามกับทศกัณฐ์ "
114,ชุมนุมฉุยฉาย,"ชุมนุมฉุยฉาย เป็นการแสดงชุดหนึ่งที่พัฒนารูปแบบ
การร้องรําฉุยฉาย โดยรวบรวมตัวละครประเภทต่าง ๆ การรําสื่อถึงความภาคภูมิใจ ในความงามของตัวละคร ผู้แสดงแต่งกายยืนเครื่องตามลักษณะตัวละคร พระ-นาง พราหมณ์ ยักษ์ และลิง"