gold_tokens,item
กรมศิลปากร,"ฟ้อนมาลัย, ระบำกฤดาภินิหาร"
กระทบไม้,กระทบสากหรือกระทบไม้
กระทุ้ง,พลองไม้สั้น
กระบวนท่ารำ,"กินนรีร่อนออกมโนราห์บูชายัญ, ระบำย่องหงิด, รำแม่บท"
กรับพวง,ระบำกรับ
กราบทูล,"การแสดงโขนเรื่องรามเกียรติ์ ตอน  จองถนน, การแสดงโขนเรื่องรามเกียรติ์ ตอน  นารายณ์ปราบนนทก, การแสดงโขนเรื่องรามเกียรติ์ ตอน ศึกพรหมาสตร์"
กราววีรชยลิง,กราววีรชัยลิง
กรุงรัตนโกสินทร์,สักการะเทวราช
กรุงลงกา,"การแสดงโขนเรื่องรามเกียรติ์ ชุดยกรบ, การแสดงโขนเรื่องรามเกียรติ์ ตอน  จองถนน, การแสดงโขนเรื่องรามเกียรติ์ ตอน  หนุมานชาญสมร, การแสดงโขนเรื่องรามเกียรติ์ ตอน กุมภกรรณพุ่งหอกโมกขศักดิ์, การแสดงโขนเรื่องรามเกียรติ์ ตอน ขับพิเภก, การแสดงโขนเรื่องรามเกียรติ์ ตอน นางลอย, การแสดงโขนเรื่องรามเกียรติ์ ตอน ลักสีดา, การแสดงโขนเรื่องรามเกียรติ์ ตอน ศึกวิรุญจำบัง, หนุมานจับนางสุพรรณมัจฉา, ฉุยฉายทศกัณฐ์ลงสวน"
กรุงเทพ,กรุงเทพ
กลองยาว,รำเถิดเทิง
กลองสะบัดชัย,กลองสะบัดชัย
กลอุบาย,"การแสดงโขนเรื่องรามเกียรติ์ ตอน พระรามตามกวาง, ฉุยฉายวันทอง"
กลับบ้าน,ระบำเก็บใบชา
กลางคืน,ฟ้อนเทียน
กลายร่าง,การแสดงโขนเรื่องรามเกียรติ์ ตอน ขับพิเภก
กลุ่มชาติพันธุ์,ชาติพันธุ์สราญ
กวางทอง,"การแสดงโขนเรื่องรามเกียรติ์ ตอน พระรามตามกวาง, การแสดงโขนเรื่องรามเกียรติ์ ตอน ลักสีดา"
กสิกรรม,ระบำชาวนา
กองทัพ,"กราววีรชัยยักษ์, กราววีรชัยลิง, การแสดงโขนเรื่องรามเกียรติ์ ชุดยกรบ, การแสดงโขนเรื่องรามเกียรติ์ ตอน  ศึกแสงอาทิตย์, การแสดงโขนเรื่องรามเกียรติ์ ตอน  หนุมานชาญสมร, การแสดงโขนเรื่องรามเกียรติ์ ตอน นางลอย, การแสดงโขนเรื่องรามเกียรติ์ ตอน ศึกพรหมาสตร์, ระบำพรหมาสตร์, หนุมานจับนางสุพรรณมัจฉา"
กองไฟ,รำมโนห์ราบูชายัญ
กะลา,การแสดงโขนเรื่องรามเกียรติ์ ตอน ขับพิเภก
กากนาสูร,การแสดงโขนเรื่องรามเกียรติ์ ตอน พระรามตามกวาง
กาญจนบุรี,ระบำศรีชยสิงห์
การขับร้อง,"เซิ้งตังหวาย, ฟ้อนหมากกั๊บแก๊บลำเพลิน"
การขึ้นลอย,การแสดงโขนเรื่องรามเกียรติ์ ชุดยกรบ
การจับปลา,เซิ้งสวิง
การดีด,เซิ้งกระติบข้าว
การตีกลอง,"รำเถิดเทิง, กลองสะบัดชัย"
การต่อสู้,"ตะกล้อล้อท่า, พลองไม้สั้น, มวยคาดเชือก, ฟ้อนเจิง, กราววีรชัยลิง"
การทอ,ฟ้อนสาวไหม
การทำขวัญ,รับขวัญข้าว
การนุ่งห่ม,ออเจ้าชาวกรุงศรี
การปั้น,เซิ้งกระติบข้าว
การรบ,การแสดงโขนเรื่องรามเกียรติ์ ชุดยกรบ
การร่อนแร่,ระบำร่อนแร่
การละเล่นพื้นเมือง,กระทบสากหรือกระทบไม้
การศึก,"การแสดงโขนเรื่องรามเกียรติ์ ตอน กุมภกรรณพุ่งหอกโมกขศักดิ์, การแสดงโขนเรื่องรามเกียรติ์ ตอน ขับพิเภก"
การสอน,"ระบำม้า, ระบำอยุธยา, ระบำกฤดาภินิหาร"
การุณราช,"การแสดงโขนเรื่องรามเกียรติ์ ตอน ศึกพรหมาสตร์, ระบำพรหมาสตร์"
การเกี้ยวพาราสี,"ฟ้อนดวงเดือน, ฟ้อนภูไท 3 เผ่า, หนุมานจับนางสุพรรณมัจฉา"
การเก็บใบชา,ระบำเก็บใบชา
การโปรย,ฟ้อนขันดอก
การไถ,ระบำชาวนา
กาลสูร,การแสดงโขนเรื่องรามเกียรติ์ ตอน ศึกพรหมาสตร์
กาฬสินธุ์,"ฟ้อนภูไท, ฟ้อนภูไท 3 เผ่า"
กิจจะ,การแสดงโขนเรื่องรามเกียรติ์ ตอน พระคเณศเสียงา
กิจวัตร,กระทบสากหรือกระทบไม้
กินรี,"โนรา, กินนรีร่อนออกมโนราห์บูชายัญ, ระบำกินรีร่อน"
กินเนสส์บุ๊ค,กรุงเทพ
กุณฑล,การแสดงโขนเรื่องรามเกียรติ์ ตอน  หนุมานชาญสมร
กุมภกรรณ,"การแสดงโขนเรื่องรามเกียรติ์ ตอน กุมภกรรณพุ่งหอกโมกขศักดิ์, การแสดงโขนเรื่องรามเกียรติ์ ตอน สามจับ, การแสดงโขนเรื่องรามเกียรติ์ ตอน สุครีพถอนต้นรัง"
กุลสตรี,"ออเจ้าชาวกรุงศรี, รำสีนวล"
ขนเพชร,การแสดงโขนเรื่องรามเกียรติ์ ตอน  หนุมานชาญสมร
ขบวนแห่,"กีปัสเรนัง, กลองสะบัดชัย"
ขอขมา,"นบนที, เซิ้งไทภูเขา"
ของที่ระลึก,ระบำตารีบุหงา
ของป่า,พนาธาร
ขัดตาทัพ,การแสดงโขนเรื่องรามเกียรติ์ ตอน ศึกวิรุญมุข
ขันดอก,ฟ้อนขันดอก
ขับร้อง,"รำสีนวล, เซิ้งตังหวาย, ฟ้อนหมากกั๊บแก๊บลำเพลิน"
ขับลํา,เซิ้งตังหวาย
ขับไล่,"กีปัสเรนัง, การแสดงโขนเรื่องรามเกียรติ์ ตอน กุมภกรรณพุ่งหอกโมกขศักดิ์, การแสดงโขนเรื่องรามเกียรติ์ ตอน ขับพิเภก"
ขีดขิน,"การแสดงโขนเรื่องรามเกียรติ์ ตอน  จองถนน, การแสดงโขนเรื่องรามเกียรติ์ ตอน พาลีสอนน้อง"
ขี่ม้า,การแสดงโขนเรื่องรามเกียรติ์ ตอน ศึกสัทธาสูร
ขึ้นทะเบียน,โนรา
ขุนช้าง,รำพลายชุมพล
ขุนแผน,"รำพลายชุมพล, ฉุยฉายวันทอง"
ข่ายเพชร,การแสดงโขนเรื่องรามเกียรติ์ ตอน ศึกสัทธาสูร
ข่ายเหล็ก,การแสดงโขนเรื่องรามเกียรติ์ ตอน ศึกวิรุญมุข
ข้าวเหนียว,เซิ้งกระติบข้าว
ข้าศึก,กลองสะบัดชัย
ข้าหลวง,ฟ้อนมาลัย
ความคล่องแคล่ว,"ตะกล้อล้อท่า, กราววีรชัยลิง"
คำร้อง,"ฟ้อนดวงเดือน, ระบำย่องหงิด"
คู่ต่อสู้,พลองไม้สั้น
คู่ใจ,การแสดงโขนเรื่องรามเกียรติ์ ตอน ศึกวิรุญจำบัง
ค้าขาย,รองเง็ง
งานประติมากรรม,สักการะเทวราช
งานรื่นเริง,รองเง็ง
งานแต่งงาน,ระบำตารีบุหงา
จนตาย,การแสดงโขนเรื่องรามเกียรติ์ ตอน ศึกสัทธาสูร
จองถนน,การแสดงโขนเรื่องรามเกียรติ์ ตอน  จองถนน
จัดทัพ,กราววีรชัยยักษ์
จับนาง,"หนุมานจับนางเบญกาย, หนุมานจับนางสุพรรณมัจฉา"
จับระบำ,"ระบำดาวดึงส์, ระบำย่องหงิด"
จารึก,"การแสดงโขนเรื่องรามเกียรติ์ ตอน ศึกวิรุญจำบัง, ระบำศรีชยสิงห์"
จำกาย,"การแสดงโขนเรื่องรามเกียรติ์ ตอน  หนุมานชาญสมร, การแสดงโขนเรื่องรามเกียรติ์ ตอน ลักสีดา"
จำแลง,การแสดงโขนเรื่องรามเกียรติ์ ตอน นางลอย
จิตรกรรม,"ระบำเซียงแสน, ระบำทวารวดี"
จีนรัว,รำฝรั่งคู่
จีนรำพัด,รำฝรั่งคู่
จุดไฟ,"ฟ้อนเทียน, ฟ้อนผาง, การแสดงโขนเรื่องรามเกียรติ์ ตอน ขับพิเภก"
ฉลองพระองค์,ระบำชุดไทยพระราชนิยม
ฉุยฉาย,"ฉุยฉายทศกัณฐ์ลงสวน, ฉุยฉายเบญกาย, ฉุยฉายพราหมณ์, ฉุยฉายยอพระกลิ่น, ฉุยฉายวันทอง, ฉุยฉายศูรปนขา, ฉุยฉายหนุมานทรงเครื่อง, ชุมนุมฉุยฉาย"
ชั้นเชิง,การแสดงโขนเรื่องรามเกียรติ์ ชุดยกรบ
ชั้นเดียว,ฟ้อนมาลัย
ชาติพันธุ์,ชาติพันธุ์สราญ
ชามพูวราช,"การแสดงโขนเรื่องรามเกียรติ์ ตอน  จองถนน, การแสดงโขนเรื่องรามเกียรติ์ ตอน ศึกวิรุญมุข"
ชายหนุ่ม,"ฟ้อนดวงเดือน, เซิ้งโปงลาง"
ชาวนา,ระบำชาวนา
ชาวพื้นเมือง,ระบำเก็บใบชา
ชาวภูไท,"เซิ้งกระติบข้าว, เซิ้งไทภูเขา, ฟ้อนภูไท, ฟ้อนภูไท 3 เผ่า"
ชาวเขา,ระบำเก็บใบชา
ชาวเหนือ,ฟ้อนจันทราพาฝัน
ชุมนุม,ชุมนุมฉุยฉาย
ชุมพร,ระบำศรีวิชัย
ช่อดอกไม้,ระบำตารีบุหงา
ช้างเอราวัณ,"การแสดงโขนเรื่องรามเกียรติ์ ตอน ศึกพรหมาสตร์, ระบำพรหมาสตร์"
ดนตรีพื้นบ้าน,"ลายเกราะ, ลีลาหมากแก๊ป, ฟ้อนที, ฟ้อนสาวไหม, ฟ้อนหมากกั๊บแก๊บลำเพลิน"
ดนตรีไทย,"ระบำกรับ, ระบำฉิ่ง"
ดวงแก้ว,เมขลา รามสูร
ดอกไม้,"ฟ้อนขันดอก, รำวงมาตรฐาน, ระบำตารีบุหงา, ฟ้อนมาลัย, รำเบิกโรงดอกไม้เงินทอง"
ดอกไม้เงิน,รำเบิกโรงดอกไม้เงินทอง
ดาวดึงส์,ระบำดาวดึงส์
ดินดาล,การแสดงโขนเรื่องรามเกียรติ์ ตอน ศึกสัทธาสูร
ตะกร้อ,ตะกล้อล้อท่า
ตะเขิ่ง,รำฝรั่งคู่
ตัวต่อตัว,พลองไม้สั้น
ตัวพระ,การแสดงโขนเรื่องรามเกียรติ์ ตอน พระคเณศเสียงา
ตามเพลง,รำวงมาตรฐาน
ตารี,"จตุรภาคี, ระบำตารีกีปัส, ระบำตารีบุหงา"
ตารีกีปัส,"จตุรภาคี, ระบำตารีกีปัส"
ตารีบุหงา,ระบำตารีบุหงา
ตำนาน,เมขลา รามสูร
ติดมือ,การแสดงโขนเรื่องรามเกียรติ์ ตอน ขับพิเภก
ตีลังกา,ตะกล้อล้อท่า
ต่อสู้,"ตะกล้อล้อท่า, พลองไม้สั้น, มวยคาดเชือก, ฟ้อนเจิง, ฟ้อนภูไท 3 เผ่า, กราววีรชัยลิง, การแสดงโขนเรื่องรามเกียรติ์ ตอน พระคเณศเสียงา, การแสดงโขนเรื่องรามเกียรติ์ ตอน ศึกสัทธาสูร, การแสดงโขนเรื่องรามเกียรติ์ ตอน สามจับ"
ต้นขา,ระบำกรับ
ต้นรัง,"การแสดงโขนเรื่องรามเกียรติ์ ตอน สามจับ, การแสดงโขนเรื่องรามเกียรติ์ ตอน สุครีพถอนต้นรัง"
ต้นลีลาวดี,ฟ้อนลีลาวดี
ถอยทัพ,"การแสดงโขนเรื่องรามเกียรติ์ ตอน สามจับ, การแสดงโขนเรื่องรามเกียรติ์ ตอน สุครีพถอนต้นรัง"
ทศกัณฐ์,"การแสดงโขนเรื่องรามเกียรติ์ ชุดยกรบ, การแสดงโขนเรื่องรามเกียรติ์ ตอน  ศึกแสงอาทิตย์, การแสดงโขนเรื่องรามเกียรติ์ ตอน กุมภกรรณพุ่งหอกโมกขศักดิ์, การแสดงโขนเรื่องรามเกียรติ์ ตอน ขับพิเภก, การแสดงโขนเรื่องรามเกียรติ์ ตอน นางลอย, การแสดงโขนเรื่องรามเกียรติ์ ตอน พระรามตามกวาง, การแสดงโขนเรื่องรามเกียรติ์ ตอน ลักสีดา, การแสดงโขนเรื่องรามเกียรติ์ ตอน ศึกพรหมาสตร์, การแสดงโขนเรื่องรามเกียรติ์ ตอน ศึกวิรุญจำบัง, การแสดงโขนเรื่องรามเกียรติ์ ตอน ศึกวิรุญมุข, การแสดงโขนเรื่องรามเกียรติ์ ตอน ศึกสัทธาสูร, การแสดงโขนเรื่องรามเกียรติ์ ตอน สุครีพถอนต้นรัง, ระบำพรหมาสตร์, หนุมานจับนางเบญกาย, ฉุยฉายทศกัณฐ์ลงสวน, ฉุยฉายเบญกาย, ฉุยฉายศูรปนขา, ฉุยฉายหนุมานทรงเครื่อง"
ทหารเอก,"การแสดงโขนเรื่องรามเกียรติ์ ตอน  หนุมานชาญสมร, ฉุยฉายหนุมานทรงเครื่อง"
ทอผ้า,ฟ้อนสาวไหม
ทะเล,"การแสดงโขนเรื่องรามเกียรติ์ ตอน  จองถนน, เมขลา รามสูร"
ทับทิม,ระบำนพรัตน์
ทับหลัง,ระบำลพบุรี
ทัพหน้า,การแสดงโขนเรื่องรามเกียรติ์ ตอน สุครีพถอนต้นรัง
ทางธรรมชาติ,เซิ้งสวิง
ทำนอง,"ฟ้อนจันทราพาฝัน, ฟ้อนดวงเดือน, ฟ้อนมาลัย, ระบำกรับ, ระบำกินรีร่อน, ระบำฉิ่ง, ระบำย่องหงิด, ระบำวิชนี, รำซัดชาตรี, รำเบิกโรงดอกไม้เงินทอง, รำประเลง, รำฝรั่งคู่, รำพลายชุมพล"
ทำนองเพลง,"ฟ้อนจันทราพาฝัน, ฟ้อนมาลัย, ระบำย่องหงิด, ระบำวิชนี, รำเบิกโรงดอกไม้เงินทอง, รำประเลง, รำพลายชุมพล"
ทำนาย,"การแสดงโขนเรื่องรามเกียรติ์ ตอน ขับพิเภก, การแสดงโขนเรื่องรามเกียรติ์ ตอน นางลอย"
ทำพิธี,"การแสดงโขนเรื่องรามเกียรติ์ ตอน ศึกพรหมาสตร์, การแสดงโขนเรื่องรามเกียรติ์ ตอน ศึกวิรุญมุข"
ทิพยวิมาน,ระบำดาวดึงส์
ท่วงทำนอง,"ฟ้อนจันทราพาฝัน, ระบำกรับ, ระบำกินรีร่อน, ระบำฉิ่ง, รำซัดชาตรี"
ท้าวพิชัยพิษณุกร,ฟ้อนรัก
ท้าวลัสเตียน,การแสดงโขนเรื่องรามเกียรติ์ ตอน ศึกวิรุญจำบัง
ท้าวสัทธาสูร,การแสดงโขนเรื่องรามเกียรติ์ ตอน ศึกวิรุญจำบัง
ธงไทย,ผืนไท
ธัญญาหาร,รับขวัญข้าว
ธิเบศร์,ระบำม้า
นครปฐม,ชาติพันธุ์สราญ
นครพนม,"ฟ้อนภูไท, ฟ้อนภูไท 3 เผ่า"
นครราชสีมา,ระบำลพบุรี
นครศรีธรรมราช,ระบำศรีวิชัย
นนทก,การแสดงโขนเรื่องรามเกียรติ์ ตอน  นารายณ์ปราบนนทก
นักษัตร,นักษัตร
นางกินรี,กินนรีร่อนออกมโนราห์บูชายัญ
นางพญาคำปิน,ฟ้อนมาลัย
นางฟ้า,"กรุงเทพ, การแสดงโขนเรื่องรามเกียรติ์ ตอน ศึกพรหมาสตร์, เมขลา รามสูร, ระบำกฤดาภินิหาร, ระบำพรหมาสตร์, ระบำย่องหงิด"
นางรื่น,ฟ้อนรัก
นางสวาหะ,การแสดงโขนเรื่องรามเกียรติ์ ตอน  หนุมานชาญสมร
นางสีดา,"การแสดงโขนเรื่องรามเกียรติ์ ตอน กุมภกรรณพุ่งหอกโมกขศักดิ์, การแสดงโขนเรื่องรามเกียรติ์ ตอน ขับพิเภก, การแสดงโขนเรื่องรามเกียรติ์ ตอน นางลอย, การแสดงโขนเรื่องรามเกียรติ์ ตอน พระรามตามกวาง, การแสดงโขนเรื่องรามเกียรติ์ ตอน ลักสีดา, การแสดงโขนเรื่องรามเกียรติ์ ตอน ศึกวิรุญจำบัง, หนุมานจับนางเบญกาย, หนุมานจับนางสุพรรณมัจฉา, ฉุยฉายทศกัณฐ์ลงสวน, ฉุยฉายเบญกาย"
นางอัปสราบายน,ระบำศรีชยสิงห์
นางเอก,"รจนาเสี่ยงพวงมาลัย, ฉุยฉายยอพระกลิ่น"
นางโรย,ฟ้อนรัก
นางใน,ระบำวิชนี
นาฏศิลป์อินเดีย,สยามภารตะ
นานาชาติ,ตะกล้อล้อท่า
นายขวัญ,ฟ้อนรัก
นายแก้ว,ฟ้อนรัก
นิลพาหุ,การแสดงโขนเรื่องรามเกียรติ์ ตอน ศึกวิรุญจำบัง
นิ้วเพชร,การแสดงโขนเรื่องรามเกียรติ์ ตอน  นารายณ์ปราบนนทก
น้องสาว,ฉุยฉายศูรปนขา
น้อยใจยา,ฟ้อนมาลัย
น้ำมันยาง,การแสดงโขนเรื่องรามเกียรติ์ ตอน ขับพิเภก
บทร้อง,"ฟ้อนจันทราพาฝัน, ฟ้อนมาลัย, ฟ้อนรัก, ฟ้อนเล็บ, ระบำกฤดาภินิหาร, ระบำชุดไทยพระราชนิยม, ระบำวิชนี, รำเบิกโรงดอกไม้เงินทอง, รำแม่บท"
บทละคร,รจนาเสี่ยงพวงมาลัย
บรรพต,การแสดงโขนเรื่องรามเกียรติ์ ตอน  จองถนน
บรรพบุรุษ,นาฏยมวยไทย
บริวาร,หนุมานจับนางสุพรรณมัจฉา
บอกทาง,การแสดงโขนเรื่องรามเกียรติ์ ตอน ศึกสัทธาสูร
บินหนี,รำมโนห์ราบูชายัญ
บุตรชาย,ฉุยฉายวันทอง
บุปเพสันนิวาส,รจนาเสี่ยงพวงมาลัย
บุรี,"ระบำม้า, ระบำศรีชยสิงห์, ระบำลพบุรี"
บุรีรัมย์,ระบำลพบุรี
บุษราคัม,ระบำนพรัตน์
บุหงา,ระบำตารีบุหงา
บุหรงซีงอ,กีปัสเรนัง
บูชาครู,โนรา
บูชายัญ,รำมโนห์ราบูชายัญ
ปรศุราม,การแสดงโขนเรื่องรามเกียรติ์ ตอน พระคเณศเสียงา
ประชิดตัว,พลองไม้สั้น
ประติมากรรม,"สักการะเทวราช, ระบำทวารวดี, ระบำลพบุรี, ระบำสุโขทัย"
ประทาน,"การแสดงโขนเรื่องรามเกียรติ์ ตอน  นารายณ์ปราบนนทก, การแสดงโขนเรื่องรามเกียรติ์ ตอน  ศึกแสงอาทิตย์, การแสดงโขนเรื่องรามเกียรติ์ ตอน  หนุมานชาญสมร"
ปราชัย,การแสดงโขนเรื่องรามเกียรติ์ ตอน ขับพิเภก
ปราสาทพนมรุ้ง,ระบำลพบุรี
ปราสาทพระขรรค์,ระบำศรีชยสิงห์
ปราสาทหินพิมาย,ระบำลพบุรี
ปราสาทเมืองสิงห์,ระบำศรีชยสิงห์
ปัดเป่า,กีปัสเรนัง
ปัตตานี,"กีปัสเรนัง, ระบำศรีวิชัย"
ปางลีลา,ระบำสุโขทัย
ปารวตี,การแสดงโขนเรื่องรามเกียรติ์ ตอน พระคเณศเสียงา
ปิดหน้า,รำประเลง
ปูนปั้น,"ระบำเซียงแสน, ระบำสุโขทัย"
ป้องกันตัว,"นาฏยมวยไทย, ตะกล้อล้อท่า"
ผางประทีป,ฟ้อนผาง
ผีภู,เซิ้งไทภูเขา
ผึ่งแดด,ระบำเก็บใบชา
ผู้ครองนคร,การแสดงโขนเรื่องรามเกียรติ์ ตอน พาลีสอนน้อง
ผู้มีพระคุณ,รับขวัญข้าว
ผู้แสดงฝ่ายชาย,รำซัดชาตรี
ผู้แสดงฝ่ายหญิง,รำซัดชาตรี
ผ้าไหม,ฟ้อนสาวไหม
ฝั่งน้ำ,เจ้าพระยานที
ฝากตัว,การแสดงโขนเรื่องรามเกียรติ์ ตอน  หนุมานชาญสมร
ฝ่ามือ,ระบำกรับ
พญาขร,การแสดงโขนเรื่องรามเกียรติ์ ตอน  ศึกแสงอาทิตย์
พญาทูษณ์,การแสดงโขนเรื่องรามเกียรติ์ ตอน ศึกวิรุญจำบัง
พญาผานอง,ฟ้อนมาลัย
พรหมาสตร์,"การแสดงโขนเรื่องรามเกียรติ์ ตอน ศึกพรหมาสตร์, ระบำพรหมาสตร์"
พระคเณศ,"การแสดงโขนเรื่องรามเกียรติ์ ตอน พระคเณศเสียงา, ฉุยฉายพราหมณ์"
พระจันทร์,กระทบสากหรือกระทบไม้
พระชายา,ฟ้อนมาลัย
พระญาติ,การแสดงโขนเรื่องรามเกียรติ์ ตอน ขับพิเภก
พระตำหนัก,การแสดงโขนเรื่องรามเกียรติ์ ตอน พระคเณศเสียงา
พระนารายณ์,"การแสดงโขนเรื่องรามเกียรติ์ ตอน  นารายณ์ปราบนนทก, การแสดงโขนเรื่องรามเกียรติ์ ตอน  หนุมานชาญสมร, การแสดงโขนเรื่องรามเกียรติ์ ตอน พระคเณศเสียงา, ฉุยฉายพราหมณ์"
พระนิพนธ์,"ฟ้อนดวงเดือน, ฟ้อนรัก"
พระบรมราชชนนีพันปีหลวง,ระบำชุดไทยพระราชนิยม
พระบาทสมเด็จพระจอมเกล้าเจ้าอยู่หัว,รำเบิกโรงดอกไม้เงินทอง
พระบาทสมเด็จพระจุลจอมเกล้าเจ้าอยู่หัว,ฟ้อนมาลัย
พระพรหม,"การแสดงโขนเรื่องรามเกียรติ์ ตอน  ศึกแสงอาทิตย์, การแสดงโขนเรื่องรามเกียรติ์ ตอน กุมภกรรณพุ่งหอกโมกขศักดิ์"
พระพาย,การแสดงโขนเรื่องรามเกียรติ์ ตอน  หนุมานชาญสมร
พระพี่เลี้ยง,ฟ้อนรัก
พระพุทธรูป,"สักการะเทวราช, ระบำสุโขทัย"
พระมหากษัตริย์,"ผืนไท, สักการะเทวราช, การแสดงโขนเรื่องรามเกียรติ์ ตอน พาลีสอนน้อง"
พระยา,"เจ้าพระยานที, การแสดงโขนเรื่องรามเกียรติ์ ตอน พระรามตามกวาง, การแสดงโขนเรื่องรามเกียรติ์ ตอน ศึกสัทธาสูร"
พระราชธิดา,ฟ้อนรัก
พระราชบัญชา,การแสดงโขนเรื่องรามเกียรติ์ ตอน พระรามตามกวาง
พระราชพิธี,สักการะเทวราช
พระราชวังบวรสถานมงคล,นาฏ ณ วัง
พระราม,"กราววีรชัยลิง, การแสดงโขนเรื่องรามเกียรติ์ ชุดยกรบ, การแสดงโขนเรื่องรามเกียรติ์ ตอน  จองถนน, การแสดงโขนเรื่องรามเกียรติ์ ตอน  ศึกแสงอาทิตย์, การแสดงโขนเรื่องรามเกียรติ์ ตอน  หนุมานชาญสมร, การแสดงโขนเรื่องรามเกียรติ์ ตอน กุมภกรรณพุ่งหอกโมกขศักดิ์, การแสดงโขนเรื่องรามเกียรติ์ ตอน ขับพิเภก, การแสดงโขนเรื่องรามเกียรติ์ ตอน นางลอย, การแสดงโขนเรื่องรามเกียรติ์ ตอน พระรามตามกวาง, การแสดงโขนเรื่องรามเกียรติ์ ตอน พาลีสอนน้อง, การแสดงโขนเรื่องรามเกียรติ์ ตอน ลักสีดา, การแสดงโขนเรื่องรามเกียรติ์ ตอน ศึกพรหมาสตร์, การแสดงโขนเรื่องรามเกียรติ์ ตอน ศึกวิรุญจำบัง, การแสดงโขนเรื่องรามเกียรติ์ ตอน ศึกวิรุญมุข, การแสดงโขนเรื่องรามเกียรติ์ ตอน ศึกสัทธาสูร, หนุมานจับนางเบญกาย, หนุมานจับนางสุพรรณมัจฉา, ฉุยฉายเบญกาย, ฉุยฉายศูรปนขา, ฉุยฉายหนุมานทรงเครื่อง"
พระลอ,ฟ้อนรัก
พระลักษมณ์,"การแสดงโขนเรื่องรามเกียรติ์ ชุดยกรบ, การแสดงโขนเรื่องรามเกียรติ์ ตอน ลักสีดา, การแสดงโขนเรื่องรามเกียรติ์ ตอน ศึกวิรุญมุข, ระบำพรหมาสตร์"
พระลาน,การแสดงโขนเรื่องรามเกียรติ์ ตอน ขับพิเภก
พระศิวะ,การแสดงโขนเรื่องรามเกียรติ์ ตอน พระคเณศเสียงา
พระสวามี,ฉุยฉายยอพระกลิ่น
พระสังข์,รจนาเสี่ยงพวงมาลัย
พระองค์,"การแสดงโขนเรื่องรามเกียรติ์ ตอน  นารายณ์ปราบนนทก, การแสดงโขนเรื่องรามเกียรติ์ ตอน  หนุมานชาญสมร, การแสดงโขนเรื่องรามเกียรติ์ ตอน พระคเณศเสียงา, ระบำชุดไทยพระราชนิยม"
พระอินทร์,"สักการะเทวราช, การแสดงโขนเรื่องรามเกียรติ์ ตอน ศึกพรหมาสตร์, ระบำดาวดึงส์, ระบำพรหมาสตร์"
พระอิศวร,"การแสดงโขนเรื่องรามเกียรติ์ ตอน  นารายณ์ปราบนนทก, การแสดงโขนเรื่องรามเกียรติ์ ตอน  หนุมานชาญสมร, การแสดงโขนเรื่องรามเกียรติ์ ตอน พระคเณศเสียงา, ฉุยฉายพราหมณ์"
พระอุมา,ฉุยฉายพราหมณ์
พระอุโบสถ,ฟ้อนลีลาวดี
พระเจ้าชัยวรมัน,ระบำศรีชยสิงห์
พระเจ้าบรมวงศ์เธอกรมพระนราธิปประพันธ์พงศ์,ฟ้อนรัก
พระเพื่อน,ฟ้อนรัก
พระเมรุ,การแสดงโขนเรื่องรามเกียรติ์ ตอน  จองถนน
พระเอก,รจนาเสี่ยงพวงมาลัย
พระแพง,ฟ้อนรัก
พระแม่คงคา,นบนที
พระไวย,"รำพลายชุมพล, ฉุยฉายวันทอง"
พราหมณ์,"ฉุยฉายพราหมณ์, ชุมนุมฉุยฉาย"
พลลิง,"การแสดงโขนเรื่องรามเกียรติ์ ตอน  จองถนน, การแสดงโขนเรื่องรามเกียรติ์ ตอน ศึกวิรุญมุข"
พลวานร,"การแสดงโขนเรื่องรามเกียรติ์ ชุดยกรบ, การแสดงโขนเรื่องรามเกียรติ์ ตอน  จองถนน, การแสดงโขนเรื่องรามเกียรติ์ ตอน ศึกวิรุญจำบัง"
พลับพลา,"การแสดงโขนเรื่องรามเกียรติ์ ตอน  หนุมานชาญสมร, การแสดงโขนเรื่องรามเกียรติ์ ตอน นางลอย, การแสดงโขนเรื่องรามเกียรติ์ ตอน สุครีพถอนต้นรัง"
พลายชุมพล,รำพลายชุมพล
พวงมาลัย,"รจนาเสี่ยงพวงมาลัย, ฉุยฉายทศกัณฐ์ลงสวน"
พัดเรนัง,กีปัสเรนัง
พาลี,การแสดงโขนเรื่องรามเกียรติ์ ตอน พาลีสอนน้อง
พิธีทางศาสนา,กลองสะบัดชัย
พิเภก,"การแสดงโขนเรื่องรามเกียรติ์ ตอน  ศึกแสงอาทิตย์, การแสดงโขนเรื่องรามเกียรติ์ ตอน ขับพิเภก, การแสดงโขนเรื่องรามเกียรติ์ ตอน นางลอย, การแสดงโขนเรื่องรามเกียรติ์ ตอน ศึกวิรุญมุข"
พี่เลี้ยง,"ฟ้อนรัก, ระบำย่องหงิด"
พืชพรรณ,รับขวัญข้าว
พื้นบ้านภาคใต้,ระบำตารีบุหงา
พุทธศตวรรษ,"ระบำเซียงแสน, ระบำทวารวดี, ระบำลพบุรี, ระบำศรีวิชัย, ระบำสุโขทัย"
ฟองน้ำ,การแสดงโขนเรื่องรามเกียรติ์ ตอน ศึกสัทธาสูร
ฟันปลา,ฟ้อนหมากกั๊บแก๊บลำเพลิน
ฟาดฟัน,ตะกล้อล้อท่า
ภาคกลาง,"จตุรภาคี, รำวงมาตรฐาน"
ภาคตะวันออกเฉียงเหนือ,"จตุรภาคี, เซิ้งสวิง, ระบำเซียงแสน"
ภาคอีสาน,"ลายเกราะ, กระทบสากหรือกระทบไม้, ฟ้อนหมากกั๊บแก๊บลำเพลิน"
ภาคเหนือ,"จตุรภาคี, ชาวดอย, ฟ้อนขันดอก, กลองสะบัดชัย, ฟ้อนเจิง, ฟ้อนที, ฟ้อนเทียน, ฟ้อนผาง, ฟ้อนเล็บ, ฟ้อนสาวไหม, ระบำเก็บใบชา, ระบำเซียงแสน"
ภาชนะดินเผา,ฟ้อนผาง
ภาพจำหลัก,ระบำศรีชยสิงห์
ภาพจิตรกรรมฝาผนัง,ระบำเซียงแสน
ภารตนาฏยัม,สยามภารตะ
ภาษามลายู,ระบำตารีบุหงา
ภูเขา,"เซิ้งไทภูเขา, การแสดงโขนเรื่องรามเกียรติ์ ตอน ศึกสัทธาสูร"
มณีพิชัย,ฉุยฉายยอพระกลิ่น
มรกต,ระบำนพรัตน์
มลายู,"กีปัสเรนัง, รองเง็ง, ระบำตารีบุหงา, ระบำศรีวิชัย"
มวยโบราณ,"นาฏยมวยไทย, ฟ้อนภูไท 3 เผ่า"
มวยไทย,"นาฏยมวยไทย, มวยคาดเชือก"
มหาสมุทร,หนุมานจับนางสุพรรณมัจฉา
มังกรกัณฐ์,"การแสดงโขนเรื่องรามเกียรติ์ ตอน  ศึกแสงอาทิตย์, การแสดงโขนเรื่องรามเกียรติ์ ตอน ศึกพรหมาสตร์, การแสดงโขนเรื่องรามเกียรติ์ ตอน ศึกวิรุญมุข"
มัยราพณ์,การแสดงโขนเรื่องรามเกียรติ์ ตอน กุมภกรรณพุ่งหอกโมกขศักดิ์
มารดา,"การแสดงโขนเรื่องรามเกียรติ์ ตอน ศึกวิรุญจำบัง, ฉุยฉายวันทอง"
มารีศ,"การแสดงโขนเรื่องรามเกียรติ์ ตอน พระรามตามกวาง, การแสดงโขนเรื่องรามเกียรติ์ ตอน ลักสีดา"
มีฤทธิ์,"การแสดงโขนเรื่องรามเกียรติ์ ตอน  นารายณ์ปราบนนทก, การแสดงโขนเรื่องรามเกียรติ์ ตอน กุมภกรรณพุ่งหอกโมกขศักดิ์"
มีแบบแผน,โนรา
มือขวา,"ระบำกรับ, ระบำวิชนี, รำเบิกโรงดอกไม้เงินทอง, ฉุยฉายทศกัณฐ์ลงสวน"
มือซ้าย,รำเบิกโรงดอกไม้เงินทอง
มือเปล่า,ฟ้อนเจิง
มุกดาหาร,ฟ้อนภูไท
มุสลิม,ระบำตารีบุหงา
มเหสี,ฉุยฉายพราหมณ์
มโนราห์,กินนรีร่อนออกมโนราห์บูชายัญ
มโนห์รา,รำมโนห์ราบูชายัญ
ยมะ,"ระบำม้า, ระบำกฤดาภินิหาร"
ยอพระกลิ่น,ฉุยฉายยอพระกลิ่น
ยักษิณี,"หนุมานจับนางเบญกาย, ฉุยฉายศูรปนขา"
ยูเนสโก,โนรา
ย่องหงิด,ระบำย่องหงิด
ย่านาง,เซิ้งไทภูเขา
รจนา,รจนาเสี่ยงพวงมาลัย
ระดับชาติ,ตะกล้อล้อท่า
ระบำมาตรฐาน,"ระบำดาวดึงส์, ระบำเทพบันเทิง"
ระบำโบราณคดี,ระบำอยุธยา
รังควาญ,รำประเลง
รัชกาล,วิรัชสราญรมย์
รัชฎา,การแสดงโขนเรื่องรามเกียรติ์ ตอน ศึกวิรุญจำบัง
รับสั่ง,การแสดงโขนเรื่องรามเกียรติ์ ตอน ศึกพรหมาสตร์
รับอาสา,"การแสดงโขนเรื่องรามเกียรติ์ ตอน กุมภกรรณพุ่งหอกโมกขศักดิ์, การแสดงโขนเรื่องรามเกียรติ์ ตอน ศึกวิรุญจำบัง, การแสดงโขนเรื่องรามเกียรติ์ ตอน ศึกวิรุญมุข"
รับใช้,"มวยคาดเชือก, การแสดงโขนเรื่องรามเกียรติ์ ตอน  นารายณ์ปราบนนทก, การแสดงโขนเรื่องรามเกียรติ์ ตอน  หนุมานชาญสมร, การแสดงโขนเรื่องรามเกียรติ์ ตอน ขับพิเภก, การแสดงโขนเรื่องรามเกียรติ์ ตอน พาลีสอนน้อง"
รัวฉิ่ง,ระบำฉิ่ง
ราชสำนัก,"ฟ้อนมาลัย, ระบำวิชนี"
รามสูร,เมขลา รามสูร
รามเกียรติ์,"กราววีรชัยยักษ์, กราววีรชัยลิง, การแสดงโขนเรื่องรามเกียรติ์ ชุดยกรบ, ระบำพรหมาสตร์, หนุมานจับนางเบญกาย, หนุมานจับนางสุพรรณมัจฉา, ฉุยฉายทศกัณฐ์ลงสวน, ฉุยฉายเบญกาย, ฉุยฉายศูรปนขา, ฉุยฉายหนุมานทรงเครื่อง"
รำคู่,"รำซัดชาตรี, รำฝรั่งคู่"
รำพัด,รำฝรั่งคู่
รำมาตรฐาน,รำแม่บท
รำเดี่ยว,รำพลายชุมพล
ริมแม่น้ำ,ระบำศรีชยสิงห์
รุทการ,การแสดงโขนเรื่องรามเกียรติ์ ตอน ศึกพรหมาสตร์
รูปทอง,รจนาเสี่ยงพวงมาลัย
รูปนอก,รจนาเสี่ยงพวงมาลัย
ร่มพระบารมี,ชาติพันธุ์สราญ
ฤดูฝน,เมขลา รามสูร
ฤาษี,การแสดงโขนเรื่องรามเกียรติ์ ตอน ลักสีดา
ลอยกระทง,นบนที
ลอยน้ำ,หนุมานจับนางเบญกาย
ละครชาตรี,"กินนรีร่อนออกมโนราห์บูชายัญ, รำซัดชาตรี"
ละครดึกดำบรรพ์,ระบำดาวดึงส์
ละครนอก,ฉุยฉายยอพระกลิ่น
ละครพันทาง,"ฟ้อนมาลัย, ฟ้อนรัก"
ละครเสภา,รำพลายชุมพล
ละครใน,"ระบำเทพบันเทิง, ระบำย่องหงิด, รำเบิกโรงดอกไม้เงินทอง, รำประเลง"
ลายเส้น,สักการะเทวราช
ลาวครั่ง,ชาติพันธุ์สราญ
ลาวเวียง,ชาติพันธุ์สราญ
ลําตังหวาย,เซิ้งตังหวาย
ลํานํา,เซิ้งตังหวาย
ลําเพลิน,"จตุรภาคี, ฟ้อนหมากกั๊บแก๊บลำเพลิน"
ลิลิตพระลอ,ฟ้อนรัก
ลูกไม้,พลองไม้สั้น
ล้านนา,"ฟ้อนขันดอก, กลองสะบัดชัย, ฟ้อนเจิง, ฟ้อนผาง"
วสันตฤดู,เมขลา รามสูร
วังหน้า,"นาฏ ณ วัง, ฟ้อนลีลาวดี"
วันทอง,ฉุยฉายวันทอง
วันวาน,ออเจ้าชาวกรุงศรี
วาจา,รำพลายชุมพล
วาดภาพ,กรุงเทพ
วาดรูป,ระบำย่องหงิด
วานร,"กราววีรชัยลิง, การแสดงโขนเรื่องรามเกียรติ์ ชุดยกรบ, การแสดงโขนเรื่องรามเกียรติ์ ตอน  จองถนน, การแสดงโขนเรื่องรามเกียรติ์ ตอน  หนุมานชาญสมร, การแสดงโขนเรื่องรามเกียรติ์ ตอน ศึกวิรุญจำบัง, การแสดงโขนเรื่องรามเกียรติ์ ตอน ศึกสัทธาสูร, ระบำพรหมาสตร์, หนุมานจับนางเบญกาย, หนุมานจับนางสุพรรณมัจฉา, ฉุยฉายหนุมานทรงเครื่อง"
วานรินทร์,การแสดงโขนเรื่องรามเกียรติ์ ตอน ศึกสัทธาสูร
วิชนี,ระบำวิชนี
วิดน้ำ,การแสดงโขนเรื่องรามเกียรติ์ ตอน  จองถนน
วิรุญจำบัง,"การแสดงโขนเรื่องรามเกียรติ์ ตอน ศึกวิรุญจำบัง, การแสดงโขนเรื่องรามเกียรติ์ ตอน ศึกวิรุญมุข, การแสดงโขนเรื่องรามเกียรติ์ ตอน ศึกสัทธาสูร"
วิรุญมุข,การแสดงโขนเรื่องรามเกียรติ์ ตอน ศึกวิรุญมุข
วิรุณจำบัง,การแสดงโขนเรื่องรามเกียรติ์ ตอน ศึกวิรุญจำบัง
ศรนาคบาศ,การแสดงโขนเรื่องรามเกียรติ์ ตอน ศึกวิรุญมุข
ศรพรหมาสตร์,การแสดงโขนเรื่องรามเกียรติ์ ตอน ศึกพรหมาสตร์
ศรพาลจันทร์,การแสดงโขนเรื่องรามเกียรติ์ ตอน ศึกสัทธาสูร
ศิลปหัตถกรรม,ระบำอยุธยา
ศิลปะป้องกันตัว,นาฏยมวยไทย
ศิลปินแห่งชาติ,"ระบำอยุธยา, ฟ้อนจันทราพาฝัน"
ศีรษะ,ตะกล้อล้อท่า
ศุภลักษณ์,"ระบำกฤดาภินิหาร, ระบำย่องหงิด"
ศูรปนขา,ฉุยฉายศูรปนขา
สกลนคร,"ฟ้อนภูไท, ฟ้อนภูไท 3 เผ่า"
สงคราม,"กลองสะบัดชัย, การแสดงโขนเรื่องรามเกียรติ์ ชุดยกรบ, การแสดงโขนเรื่องรามเกียรติ์ ตอน กุมภกรรณพุ่งหอกโมกขศักดิ์, การแสดงโขนเรื่องรามเกียรติ์ ตอน นางลอย, การแสดงโขนเรื่องรามเกียรติ์ ตอน ศึกวิรุญจำบัง, ระบำพรหมาสตร์, ฉุยฉายเบญกาย, ฉุยฉายหนุมานทรงเครื่อง"
สมทบ,การแสดงโขนเรื่องรามเกียรติ์ ตอน ศึกวิรุญจำบัง
สมมุติเทพ,การแสดงโขนเรื่องรามเกียรติ์ ตอน พาลีสอนน้อง
สมรภูมิ,การแสดงโขนเรื่องรามเกียรติ์ ตอน ศึกวิรุญมุข
สมัยทวารวดี,ระบำทวารวดี
สมัยลพบุรี,ระบำลพบุรี
สมัยศรีวิชัย,ระบำศรีวิชัย
สมัยสุโขทัย,ระบำสุโขทัย
สระอโนดาต,"กินนรีร่อนออกมโนราห์บูชายัญ, ระบำกินรีร่อน"
สวามิภักดิ์,การแสดงโขนเรื่องรามเกียรติ์ ตอน  หนุมานชาญสมร
สวามี,"รจนาเสี่ยงพวงมาลัย, ฉุยฉายยอพระกลิ่น"
สอดแทรก,ลีลาหมากแก๊ป
สะล้อ,ฟ้อนสาวไหม
สะเดาะ,"การแสดงโขนเรื่องรามเกียรติ์ ตอน ขับพิเภก, การแสดงโขนเรื่องรามเกียรติ์ ตอน นางลอย"
สะเดาะเคราะห์,การแสดงโขนเรื่องรามเกียรติ์ ตอน นางลอย
สังข์ทอง,"รจนาเสี่ยงพวงมาลัย, ระบำดาวดึงส์"
สังหาร,การแสดงโขนเรื่องรามเกียรติ์ ตอน ศึกพรหมาสตร์
สัตว์นํ้า,เซิ้งสวิง
สัทธาสูร,"การแสดงโขนเรื่องรามเกียรติ์ ตอน ศึกวิรุญจำบัง, การแสดงโขนเรื่องรามเกียรติ์ ตอน ศึกสัทธาสูร"
สากตําข้าว,กระทบสากหรือกระทบไม้
สากล,"ตะกล้อล้อท่า, วิรัชสราญรมย์, ระบำกฤดาภินิหาร"
สายนํ้า,"เจ้าพระยานที, นบนที"
สายสืบ,ฟ้อนภูไท
สำมนักขา,"การแสดงโขนเรื่องรามเกียรติ์ ตอน ขับพิเภก, การแสดงโขนเรื่องรามเกียรติ์ ตอน ลักสีดา"
สำเนียง,"ฟ้อนดวงเดือน, ฟ้อนมาลัย"
สำเภา,การแสดงโขนเรื่องรามเกียรติ์ ตอน  จองถนน
สิบแปดมงกุฎ,กราววีรชัยลิง
สิ่งศักดิ์สิทธิ์,นบนที
สิ้นชีพ,การแสดงโขนเรื่องรามเกียรติ์ ตอน กุมภกรรณพุ่งหอกโมกขศักดิ์
สิ้นชีวิต,การแสดงโขนเรื่องรามเกียรติ์ ตอน ศึกพรหมาสตร์
สีทอง,ฟ้อนเล็บ
สีนํ้าเงิน,พลองไม้สั้น
สี่ภาค,จตุรภาคี
สุครีพ,"การแสดงโขนเรื่องรามเกียรติ์ ตอน พาลีสอนน้อง, การแสดงโขนเรื่องรามเกียรติ์ ตอน สามจับ, การแสดงโขนเรื่องรามเกียรติ์ ตอน สุครีพถอนต้นรัง"
สุทธาวาส,ฟ้อนลีลาวดี
สุพรรณมัจฉา,หนุมานจับนางสุพรรณมัจฉา
สุรินทร์,กระทบสากหรือกระทบไม้
หญิงสาว,"ลีลาหมากแก๊ป, ระบำร่อนแร่, ฟ้อนจันทราพาฝัน, ฟ้อนดวงเดือน, ฟ้อนเทียน, เซิ้งกระติบข้าว, เซิ้งโปงลาง, ระบำวิชนี"
หนังใหญ่,"กรุงเทพ, นาฏ ณ วัง"
หนุมาน,"การแสดงโขนเรื่องรามเกียรติ์ ตอน  หนุมานชาญสมร, การแสดงโขนเรื่องรามเกียรติ์ ตอน ศึกวิรุญมุข, การแสดงโขนเรื่องรามเกียรติ์ ตอน ศึกสัทธาสูร, การแสดงโขนเรื่องรามเกียรติ์ ตอน สามจับ, การแสดงโขนเรื่องรามเกียรติ์ ตอน สุครีพถอนต้นรัง, หนุมานจับนางเบญกาย, หนุมานจับนางสุพรรณมัจฉา, ฉุยฉายหนุมานทรงเครื่อง"
หน่อไม้,เซิ้งไทภูเขา
หน้าบัน,ระบำลพบุรี
หมดแรง,"การแสดงโขนเรื่องรามเกียรติ์ ตอน สามจับ, การแสดงโขนเรื่องรามเกียรติ์ ตอน สุครีพถอนต้นรัง"
หมากกั๊บแก๊บ,ฟ้อนหมากกั๊บแก๊บลำเพลิน
หยอกล้อ,"รำเถิดเทิง, เซิ้งสวิง, ฟ้อนหมากกั๊บแก๊บลำเพลิน"
หลบหนี,"การแสดงโขนเรื่องรามเกียรติ์ ตอน ศึกสัทธาสูร, หนุมานจับนางเบญกาย"
หลักราชการ,การแสดงโขนเรื่องรามเกียรติ์ ตอน พาลีสอนน้อง
หล่อสําริด,ระบำสุโขทัย
หอกโมกขศักดิ์,การแสดงโขนเรื่องรามเกียรติ์ ตอน กุมภกรรณพุ่งหอกโมกขศักดิ์
หางนกยูง,รำประเลง
หายตัว,"การแสดงโขนเรื่องรามเกียรติ์ ตอน ศึกวิรุญจำบัง, การแสดงโขนเรื่องรามเกียรติ์ ตอน ศึกวิรุญมุข"
องคต,"การแสดงโขนเรื่องรามเกียรติ์ ตอน สามจับ, การแสดงโขนเรื่องรามเกียรติ์ ตอน สุครีพถอนต้นรัง"
องค์ปะตาระกาหลา,ระบำเทพบันเทิง
อนุชา,"การแสดงโขนเรื่องรามเกียรติ์ ตอน  ศึกแสงอาทิตย์, การแสดงโขนเรื่องรามเกียรติ์ ตอน กุมภกรรณพุ่งหอกโมกขศักดิ์, การแสดงโขนเรื่องรามเกียรติ์ ตอน พาลีสอนน้อง, การแสดงโขนเรื่องรามเกียรติ์ ตอน สุครีพถอนต้นรัง"
อยุธยา,สักการะเทวราช
อวตาร,"การแสดงโขนเรื่องรามเกียรติ์ ตอน  หนุมานชาญสมร, การแสดงโขนเรื่องรามเกียรติ์ ตอน พระคเณศเสียงา"
อสูร,เมขลา รามสูร
ออกรบ,"กลองสะบัดชัย, รำพลายชุมพล"
ออกศึก,การแสดงโขนเรื่องรามเกียรติ์ ตอน สุครีพถอนต้นรัง
ออกอุบาย,"การแสดงโขนเรื่องรามเกียรติ์ ตอน ศึกสัทธาสูร, การแสดงโขนเรื่องรามเกียรติ์ ตอน สามจับ, การแสดงโขนเรื่องรามเกียรติ์ ตอน สุครีพถอนต้นรัง"
ออกเดินทาง,"ระบำม้า, ระบำเก็บใบชา, ฉุยฉายยอพระกลิ่น, ฉุยฉายหนุมานทรงเครื่อง"
อัญมณี,ระบำนพรัตน์
อาจารย์,ฟ้อนมาลัย
อาณาประชาราษฎร์,ผืนไท
อาวุธ,"ตะกล้อล้อท่า, พลองไม้สั้น, ฟ้อนเจิง, การแสดงโขนเรื่องรามเกียรติ์ ชุดยกรบ, การแสดงโขนเรื่องรามเกียรติ์ ตอน  ศึกแสงอาทิตย์, การแสดงโขนเรื่องรามเกียรติ์ ตอน พระคเณศเสียงา, การแสดงโขนเรื่องรามเกียรติ์ ตอน ศึกสัทธาสูร"
อาสา,"การแสดงโขนเรื่องรามเกียรติ์ ตอน  จองถนน, การแสดงโขนเรื่องรามเกียรติ์ ตอน กุมภกรรณพุ่งหอกโมกขศักดิ์, การแสดงโขนเรื่องรามเกียรติ์ ตอน ศึกวิรุญจำบัง, การแสดงโขนเรื่องรามเกียรติ์ ตอน ศึกวิรุญมุข, ระบำย่องหงิด"
อาหาร,"รับขวัญข้าว, เซิ้งกระติบข้าว, เซิ้งไทภูเขา"
อิทธิฤทธิ์,รำประเลง
อินทรชิต,"การแสดงโขนเรื่องรามเกียรติ์ ตอน ศึกพรหมาสตร์, การแสดงโขนเรื่องรามเกียรติ์ ตอน ศึกวิรุญมุข, ระบำพรหมาสตร์"
อินทราภิเษก,สักการะเทวราช
อินเดีย,สยามภารตะ
อินโดนีเซีย,ระบำศรีวิชัย
อิเหนา,ระบำเทพบันเทิง
อีสาน,"ลายเกราะ, ลีลาหมากแก๊ป, กระทบสากหรือกระทบไม้, ฟ้อนหมากกั๊บแก๊บลำเพลิน"
อุณรุท,ระบำย่องหงิด
อุปราช,การแสดงโขนเรื่องรามเกียรติ์ ตอน กุมภกรรณพุ่งหอกโมกขศักดิ์
อุษา,ระบำย่องหงิด
ฮินดู,ฉุยฉายพราหมณ์
เกราะลอ,ลายเกราะ
เกษตรกรรม,ชาวดอย
เกียรติศักดิ์ไทย,ระบำกฤดาภินิหาร
เขาสัตภัณฑ์,การแสดงโขนเรื่องรามเกียรติ์ ตอน ศึกสัทธาสูร
เขาอังกาศ,การแสดงโขนเรื่องรามเกียรติ์ ตอน ศึกวิรุญมุข
เขาไกรลาส,"การแสดงโขนเรื่องรามเกียรติ์ ตอน พระคเณศเสียงา, ระบำกินรีร่อน, รำมโนห์ราบูชายัญ"
เขาไกลลาศ,การแสดงโขนเรื่องรามเกียรติ์ ตอน  นารายณ์ปราบนนทก
เขี้ยวแก้ว,การแสดงโขนเรื่องรามเกียรติ์ ตอน  หนุมานชาญสมร
เข้าเฝ้า,"การแสดงโขนเรื่องรามเกียรติ์ ตอน  นารายณ์ปราบนนทก, การแสดงโขนเรื่องรามเกียรติ์ ตอน พระคเณศเสียงา"
เครื่องดนตรีตะวันตก,ระบำตารีกีปัส
เครื่องดนตรีพื้นบ้าน,"ลายเกราะ, ลีลาหมากแก๊ป, ฟ้อนสาวไหม"
เครื่องดนตรีพื้นเมือง,ระบำตารีกีปัส
เครื่องประกอบจังหวะ,"ระบำตารีกีปัส, กระทบสากหรือกระทบไม้"
เครื่องประดับ,"สักการะเทวราช, ออเจ้าชาวกรุงศรี"
เครื่องแบบ,ฉุยฉายหนุมานทรงเครื่อง
เคลื่อนไหว,"นักษัตร, นาฏ ณ วัง, ผืนไท, พนาธาร, สยามภารตะ, ฟ้อนเทียน, ฟ้อนภูไท"
เจ้าดารารัศมี,ฟ้อนมาลัย
เจ้าที่เจ้าทาง,เซิ้งไทภูเขา
เจ้าพระยา,เจ้าพระยานที
เจ้าหญิง,รจนาเสี่ยงพวงมาลัย
เจ้าเงาะ,รจนาเสี่ยงพวงมาลัย
เจ้าเซ็น,รำฝรั่งคู่
เชษฐา,การแสดงโขนเรื่องรามเกียรติ์ ตอน สุครีพถอนต้นรัง
เชิงบันได,การแสดงโขนเรื่องรามเกียรติ์ ตอน  นารายณ์ปราบนนทก
เชิงมวย,ฟ้อนภูไท 3 เผ่า
เชียงใหม่,ฟ้อนมาลัย
เดินทาง,"ระบำม้า, ระบำเก็บใบชา, เซิ้งไทภูเขา, เมขลา รามสูร, หนุมานจับนางสุพรรณมัจฉา, ฉุยฉายยอพระกลิ่น, ฉุยฉายหนุมานทรงเครื่อง"
เดินอากาศ,การแสดงโขนเรื่องรามเกียรติ์ ตอน ศึกวิรุญมุข
เต้นสาก,กระทบสากหรือกระทบไม้
เถิดเทิง,"จตุรภาคี, รำเถิดเทิง"
เทพธิดา,"เมขลา รามสูร, ระบำดาวดึงส์, ระบำเทพบันเทิง, ระบำย่องหงิด"
เทพนิยาย,เมขลา รามสูร
เทพบุตร,"เมขลา รามสูร, ระบำดาวดึงส์, ระบำเทพบันเทิง, ระบำพรหมาสตร์, ระบำย่องหงิด"
เทพเจ้า,ฉุยฉายพราหมณ์
เทวดา,"กรุงเทพ, การแสดงโขนเรื่องรามเกียรติ์ ตอน  นารายณ์ปราบนนทก, การแสดงโขนเรื่องรามเกียรติ์ ตอน ศึกพรหมาสตร์, การแสดงโขนเรื่องรามเกียรติ์ ตอน ศึกสัทธาสูร, เมขลา รามสูร, ระบำกฤดาภินิหาร, ระบำพรหมาสตร์, ระบำย่องหงิด, รำประเลง"
เทือกเขาภูพาน,"เซิ้งไทภูเขา, ฟ้อนภูไท, ฟ้อนภูไท 3 เผ่า"
เบญกาย,"การแสดงโขนเรื่องรามเกียรติ์ ตอน นางลอย, หนุมานจับนางเบญกาย, ฉุยฉายเบญกาย"
เบิกโรง,"รำซัดชาตรี, รำเบิกโรงดอกไม้เงินทอง, รำประเลง, ฉุยฉายพราหมณ์"
เพทาย,ระบำนพรัตน์
เพลงกลม,รำประเลง
เพลงคืนเดือนหงาย,รำวงมาตรฐาน
เพลงงามแสงเดือน,รำวงมาตรฐาน
เพลงฉิ่ง,รำฝรั่งคู่
เพลงชาวไทย,รำวงมาตรฐาน
เพลงชำนาญ,รำประเลง
เพลงดวงจันทร์ขวัญฟ้า,รำวงมาตรฐาน
เพลงดวงจันทร์วันเพ็ญ,รำวงมาตรฐาน
เพลงดอกไม้ของชาติ,รำวงมาตรฐาน
เพลงบูชานักรบ,รำวงมาตรฐาน
เพลงฝรั่งรำเท้า,รำฝรั่งคู่
เพลงฟ้อนดวงดอกไม้,ฟ้อนมาลัย
เพลงมอญดูดาว,รำพลายชุมพล
เพลงยอดชายใจหาญ,รำวงมาตรฐาน
เพลงรำซิมารำ,รำวงมาตรฐาน
เพลงลาวคำหอม,ฟ้อนจันทราพาฝัน
เพลงสากล,วิรัชสราญรมย์
เพลงสำเนียงลาว,ฟ้อนมาลัย
เพลงหญิงไทยใจงาม,รำวงมาตรฐาน
เพลงหน้าพาทย์,รำประเลง
เพลงอัตราจังหวะสองชั้น,ฟ้อนดวงเดือน
เพลงเร็ว,รำฝรั่งคู่
เพลงไทย,วิรัชสราญรมย์
เมขลา,เมขลา รามสูร
เมืองขีดขิน,การแสดงโขนเรื่องรามเกียรติ์ ตอน  จองถนน
เมืองชมพู,การแสดงโขนเรื่องรามเกียรติ์ ตอน  จองถนน
เล่นน้ำ,กินนรีร่อนออกมโนราห์บูชายัญ
เวที,"นักษัตร, นาฏ ณ วัง, ผืนไท, รับขวัญข้าว"
เสนียดจัญไร,รำประเลง
เสียงดนตรี,"ออเจ้าชาวกรุงศรี, ระบำเซียงแสน, ระบำทวารวดี"
แกล้งทำ,"การแสดงโขนเรื่องรามเกียรติ์ ตอน ลักสีดา, รจนาเสี่ยงพวงมาลัย"
แก้แค้น,รำพลายชุมพล
แควน้อย,ระบำศรีชยสิงห์
แตกทัพ,รำพลายชุมพล
แต่งกายยืนเครื่องพระ,"ระบำดาวดึงส์, ระบำเทพบันเทิง, รำเบิกโรงดอกไม้เงินทอง, รำฝรั่งคู่, รำแม่บท"
แต่งตัว,รำพลายชุมพล
แปลงกาย,"การแสดงโขนเรื่องรามเกียรติ์ ตอน พระรามตามกวาง, การแสดงโขนเรื่องรามเกียรติ์ ตอน ศึกพรหมาสตร์, ระบำพรหมาสตร์, ฉุยฉายเบญกาย, ฉุยฉายพราหมณ์, ฉุยฉายวันทอง, ฉุยฉายศูรปนขา"
แปลงตัว,"การแสดงโขนเรื่องรามเกียรติ์ ตอน ศึกพรหมาสตร์, รจนาเสี่ยงพวงมาลัย, ระบำพรหมาสตร์"
แผ่อิทธิพล,เจ้าพระยานที
แมนสรวง,ฟ้อนรัก
แม่ท่า,ตะกล้อล้อท่า
แม่น้ำ,"การแสดงโขนเรื่องรามเกียรติ์ ตอน นางลอย, ระบำศรีชยสิงห์"
แม่นํ้าโขง,"เซิ้งตังหวาย, ฟ้อนภูไท"
แม่บท,รำแม่บท
แม่ฮ่องสอน,ฟ้อนที
แม่ไม้มวย,มวยคาดเชือก
แว่นแก้วสุรกานต์,การแสดงโขนเรื่องรามเกียรติ์ ตอน  ศึกแสงอาทิตย์
แสงจันทร์,ฟ้อนจันทราพาฝัน
แสงอาทิตย์,"การแสดงโขนเรื่องรามเกียรติ์ ตอน  ศึกแสงอาทิตย์, การแสดงโขนเรื่องรามเกียรติ์ ตอน ศึกพรหมาสตร์"
แหลมมลายู,ระบำศรีวิชัย
แหล่งนํ้า,ระบำร่อนแร่
โกเมน,ระบำนพรัตน์
โคมเวียน,รำประเลง
โบราณวัตถุ,"ระบำทวารวดี, ระบำศรีวิชัย"
โบราณสถาน,ระบำเซียงแสน
โปงลาง,เซิ้งโปงลาง
โปรตุเกส,รองเง็ง
โรงละครแห่งชาติ,ฟ้อนมาลัย
โอดิสสี,สยามภารตะ
โอรส,"การแสดงโขนเรื่องรามเกียรติ์ ตอน  ศึกแสงอาทิตย์, การแสดงโขนเรื่องรามเกียรติ์ ตอน ศึกวิรุญจำบัง, การแสดงโขนเรื่องรามเกียรติ์ ตอน ศึกวิรุญมุข, ระบำพรหมาสตร์"
ใบชา,ระบำเก็บใบชา
ให้ร้าย,การแสดงโขนเรื่องรามเกียรติ์ ตอน ขับพิเภก
ได้ยิน,การแสดงโขนเรื่องรามเกียรติ์ ตอน ลักสีดา
ไตรรงค์,ผืนไท
ไทภูเขา,เซิ้งไทภูเขา
ไทยจักรพรรดิ์,ระบำชุดไทยพระราชนิยม
ไทยจักรี,ระบำชุดไทยพระราชนิยม
ไทยจิตรลดา,ระบำชุดไทยพระราชนิยม
ไทยจีน,ชาติพันธุ์สราญ
ไทยดุสิต,ระบำชุดไทยพระราชนิยม
ไทยทรงดำ,ชาติพันธุ์สราญ
ไทยบรมพิมาน,ระบำชุดไทยพระราชนิยม
ไทยรามัญ,ชาติพันธุ์สราญ
ไทยศิวาลัย,ระบำชุดไทยพระราชนิยม
ไทยอมรินทร์,ระบำชุดไทยพระราชนิยม
ไทยเรือนต้น,ระบำชุดไทยพระราชนิยม
ไพฑูรย์,ระบำนพรัตน์
ไพร่พล,"การแสดงโขนเรื่องรามเกียรติ์ ชุดยกรบ, การแสดงโขนเรื่องรามเกียรติ์ ตอน  จองถนน, การแสดงโขนเรื่องรามเกียรติ์ ตอน ศึกพรหมาสตร์"
ไฟไหม้,การแสดงโขนเรื่องรามเกียรติ์ ตอน ขับพิเภก
ไม้ยาว,"ลีลาหมากแก๊ป, ฟ้อนหมากกั๊บแก๊บลำเพลิน"
ไม้สั้น,"ลีลาหมากแก๊ป, พลองไม้สั้น, ฟ้อนหมากกั๊บแก๊บลำเพลิน"
ไส้กะลา,การแสดงโขนเรื่องรามเกียรติ์ ตอน ขับพิเภก
ไหว้ครู,รำซัดชาตรี
ล่องใต้,ล่องใต้, ภาคใต้