ลำดับ,ชื่อชุดการแสดง,words,match_sources
1,กรุงเทพ,"กรุงเทพ, กินเนสส์บุ๊ค, นางฟ้า, วาดภาพ, หนังใหญ่, เทวดา",กรุงเทพ:name_exact; กินเนสส์บุ๊ค:desc_exact; นางฟ้า:desc_exact; วาดภาพ:desc_exact; หนังใหญ่:desc_exact; เทวดา:desc_exact
2,จตุรภาคี,"ตารี, ตารีกีปัส, ภาคกลาง, ภาคตะวันออกเฉียงเหนือ, ภาคเหนือ, ภาคใต้, สี่ภาค, เถิดเทิง",ตารี:desc_exact; ตารีกีปัส:desc_exact; ภาคกลาง:desc_exact; ภาคตะวันออกเฉียงเหนือ:desc_exact; ภาคเหนือ:desc_exact; ภาคใต้:desc_exact; สี่ภาค:desc_exact; เถิดเทิง:desc_exact
3,ชาติพันธุ์สราญ,"กลุ่มชาติพันธุ์, ชาติพันธุ์, นครปฐม, ร่มพระบารมี, ลาวครั่ง, ลาวเวียง, ไทยจีน, ไทยทรงดำ, ไทยรามัญ",กลุ่มชาติพันธุ์:desc_exact; ชาติพันธุ์:name_exact; นครปฐม:desc_exact; ร่มพระบารมี:desc_exact; ลาวครั่ง:desc_exact; ลาวเวียง:desc_exact; ไทยจีน:desc_exact; ไทยทรงดำ:desc_exact; ไทยรามัญ:desc_exact
4,กีปัสเรนัง,"ขบวนแห่, ขับไล่, ชาวพื้นเมือง, บุหรงซีงอ, ปัดเป่า, ปัตตานี, พัดเรนัง, ภาคใต้, มลายู",ขบวนแห่:desc_exact; ขับไล่:desc_exact; ชาวพื้นเมือง:desc_exact; บุหรงซีงอ:desc_exact; ปัดเป่า:desc_exact; ปัตตานี:desc_exact; พัดเรนัง:desc_exact; ภาคใต้:desc_exact; มลายู:desc_exact
5,เจ้าพระยานที,"ฝั่งน้ำ, พระยา, สายน้ำ, เจ้าพระยา, แผ่อิทธิพล",ฝั่งน้ำ:desc_exact; พระยา:name_exact; สายน้ำ:desc_exact; เจ้าพระยา:name_exact; แผ่อิทธิพล:desc_exact
6,ตะกล้อล้อท่า,"การละเล่นพื้นเมือง, ชาวพื้นเมือง, ตะกร้อ, ตีลังกา, นานาชาติ, ระดับชาติ, ศีรษะ, สากล, แม่ท่า",การละเล่นพื้นเมือง:desc_exact; ชาวพื้นเมือง:desc_exact; ตะกร้อ:desc_exact; ตีลังกา:desc_exact; นานาชาติ:desc_exact; ระดับชาติ:desc_exact; ศีรษะ:desc_exact; สากล:desc_exact; แม่ท่า:desc_exact
7,นบนที,"ขอขมา, พระแม่คงคา, ลอยกระทง, สายน้ำ, สิ่งศักดิ์สิทธิ์",ขอขมา:desc_exact; พระแม่คงคา:desc_exact; ลอยกระทง:desc_exact; สายน้ำ:desc_exact; สิ่งศักดิ์สิทธิ์:desc_exact
8,นักษัตร,"นักษัตร, เคลื่อนไหว, เวที",นักษัตร:name_exact; เคลื่อนไหว:desc_exact; เวที:desc_exact
9,ชาวดอย,"การละเล่นพื้นเมือง, ชาวพื้นเมือง, ภาคเหนือ, เกษตรกรรม",การละเล่นพื้นเมือง:desc_exact; ชาวพื้นเมือง:name_exact; ภาคเหนือ:desc_exact; เกษตรกรรม:desc_exact
10,ผืนไท,"ธงไทย, นักษัตร, พระมหากษัตริย์, อาณาประชาราษฎร์, เคลื่อนไหว, เวที, ไตรรงค์",ธงไทย:desc_exact; นักษัตร:desc_exact; พระมหากษัตริย์:desc_exact; อาณาประชาราษฎร์:desc_exact; เคลื่อนไหว:desc_exact; เวที:desc_exact; ไตรรงค์:desc_exact
11,นาฏยมวยไทย,"บรรพบุรุษ, ป้องกันตัว, มวยโบราณ, มวยไทย, ศิลปะป้องกันตัว",บรรพบุรุษ:desc_exact; ป้องกันตัว:desc_exact; มวยโบราณ:name_exact; มวยไทย:name_exact; ศิลปะป้องกันตัว:desc_exact
12,พนาธาร,"ของป่า, เคลื่อนไหว",ของป่า:desc_exact; เคลื่อนไหว:desc_exact
13,นาฏ ณ วัง,"พระราชวังบวรสถานมงคล, วังหน้า, หนังใหญ่, เคลื่อนไหว, เวที",พระราชวังบวรสถานมงคล:desc_exact; วังหน้า:desc_exact; หนังใหญ่:desc_exact; เคลื่อนไหว:desc_exact; เวที:desc_exact
14,ระบำอยุธยา,"การสอน, ระบำโบราณคดี, ศิลปหัตถกรรม, ศิลปินแห่งชาติ, อยุธยา",การสอน:desc_exact; ระบำโบราณคดี:desc_exact; ศิลปหัตถกรรม:desc_exact; ศิลปินแห่งชาติ:desc_exact; อยุธยา:name_exact
15,รับขวัญข้าว,"การทำขวัญ, ธัญญาหาร, ผู้มีพระคุณ, พืชพรรณ, อาหาร, เวที",การทำขวัญ:desc_exact; ธัญญาหาร:desc_exact; ผู้มีพระคุณ:desc_exact; พืชพรรณ:desc_exact; อาหาร:desc_exact; เวที:desc_exact
16,ฟ้อนขันดอก,"การโปรย, ขันดอก, ดอกไม้, ภาคเหนือ, ล้านนา",การโปรย:desc_exact; ขันดอก:name_exact; ดอกไม้:desc_exact; ภาคเหนือ:desc_exact; ล้านนา:desc_exact
17,ลายเกราะ,"ดนตรีพื้นบ้าน, ดนตรีไทย, ภาคอีสาน, อีสาน, เกราะลอ, เครื่องดนตรีพื้นบ้าน, เครื่องดนตรีพื้นเมือง",ดนตรีพื้นบ้าน:desc_exact; ดนตรีไทย:desc_exact; ภาคอีสาน:desc_exact; อีสาน:desc_exact; เกราะลอ:desc_exact; เครื่องดนตรีพื้นบ้าน:desc_exact; เครื่องดนตรีพื้นเมือง:desc_exact
18,ล่องใต้,"ภาคใต้, ล่องใต้",ภาคใต้:desc_exact; ล่องใต้:name_exact
19,ฟ้อนลีลาวดี,"ดนตรีพื้นบ้าน, ดนตรีไทย, ต้นลีลาวดี, พระอุโบสถ, วังหน้า, สุทธาวาส",ดนตรีพื้นบ้าน:desc_exact; ดนตรีไทย:desc_exact; ต้นลีลาวดี:desc_exact; พระอุโบสถ:desc_exact; วังหน้า:desc_exact; สุทธาวาส:desc_exact
20,ระบำม้า,"การสอน, ธิเบศร์, บุรี, ยมะ, ออกเดินทาง, เดินทาง",การสอน:desc_exact; ธิเบศร์:desc_exact; บุรี:desc_exact; ยมะ:desc_exact; ออกเดินทาง:desc_exact; เดินทาง:desc_exact
21,สยามภารตะ,"นาฏศิลป์อินเดีย, ภารตนาฏยัม, อินเดีย, เคลื่อนไหว, โอดิสสี",นาฏศิลป์อินเดีย:desc_exact; ภารตนาฏยัม:desc_exact; อินเดีย:desc_exact; เคลื่อนไหว:desc_exact; โอดิสสี:desc_exact
22,พลองไม้สั้น,"กระทุ้ง, การต่อสู้, คู่ต่อสู้, ตัวต่อตัว, ต่อสู้, ประชิดตัว, ลูกไม้, สีน้ำเงิน, อาวุธ, ไม้สั้น",กระทุ้ง:desc_exact; การต่อสู้:desc_exact; คู่ต่อสู้:desc_exact; ตัวต่อตัว:desc_exact; ต่อสู้:desc_exact; ประชิดตัว:desc_exact; ลูกไม้:desc_exact; สีน้ำเงิน:desc_exact; อาวุธ:desc_exact; ไม้สั้น:name_exact
23,สักการะเทวราช,"กรุงรัตนโกสินทร์, งานประติมากรรม, นักษัตร, ประติมากรรม, พระพุทธรูป, พระมหากษัตริย์, พระราชพิธี, พระอินทร์, ลายเส้น, อยุธยา, อินทราภิเษก, เครื่องประดับ",กรุงรัตนโกสินทร์:desc_exact; งานประติมากรรม:desc_exact; นักษัตร:desc_exact; ประติมากรรม:desc_exact; พระพุทธรูป:desc_exact; พระมหากษัตริย์:desc_exact; พระราชพิธี:desc_exact; พระอินทร์:desc_exact; ลายเส้น:desc_exact; อยุธยา:desc_exact; อินทราภิเษก:desc_exact; เครื่องประดับ:desc_exact
24,ระบำชาวนา,"กสิกรรม, การไถ, ชาวนา, ชาวพื้นเมือง",กสิกรรม:desc_exact; การไถ:desc_exact; ชาวนา:name_exact; ชาวพื้นเมือง:name_exact
25,ระบำตารีบุหงา,"ของที่ระลึก, งานแต่งงาน, ชาวพื้นเมือง, ช่อดอกไม้, ดอกไม้, ตารี, ตารีบุหงา, บุหงา, พื้นบ้านภาคใต้, ภาคใต้, ภาษามลายู, มลายู, มุสลิม",ของที่ระลึก:desc_exact; งานแต่งงาน:desc_exact; ชาวพื้นเมือง:desc_exact; ช่อดอกไม้:desc_exact; ดอกไม้:desc_exact; ตารี:name_exact; ตารีบุหงา:name_exact; บุหงา:name_exact; พื้นบ้านภาคใต้:desc_exact; ภาคใต้:desc_exact; ภาษามลายู:desc_exact; มลายู:desc_exact; มุสลิม:desc_exact
26,มวยคาดเชือก,"การต่อสู้, ความคล่องแคล่ว, ต่อสู้, มวยโบราณ, มวยไทย, รับใช้, แม่ไม้มวย",การต่อสู้:desc_exact; ความคล่องแคล่ว:desc_exact; ต่อสู้:desc_exact; มวยโบราณ:name_exact; มวยไทย:name_exact; รับใช้:desc_exact; แม่ไม้มวย:desc_exact
27,ลีลาหมากแก๊ป,"ชาวพื้นเมือง, ดนตรีพื้นบ้าน, ดนตรีไทย, สอดแทรก, หญิงสาว, อีสาน, เครื่องดนตรีพื้นบ้าน, เครื่องดนตรีพื้นเมือง, ไม้ยาว, ไม้สั้น",ชาวพื้นเมือง:desc_exact; ดนตรีพื้นบ้าน:desc_exact; ดนตรีไทย:desc_exact; สอดแทรก:desc_exact; หญิงสาว:desc_exact; อีสาน:desc_exact; เครื่องดนตรีพื้นบ้าน:desc_exact; เครื่องดนตรีพื้นเมือง:desc_exact; ไม้ยาว:desc_exact; ไม้สั้น:desc_exact
28,รำเถิดเทิง,"กลองยาว, การตีกลอง, หยอกล้อ, เถิดเทิง",กลองยาว:desc_exact; การตีกลอง:desc_exact; หยอกล้อ:desc_exact; เถิดเทิง:name_exact
29,วิรัชสราญรมย์,"รัชกาล, สากล, เพลงสากล, เพลงไทย",รัชกาล:desc_exact; สากล:desc_exact; เพลงสากล:desc_exact; เพลงไทย:desc_exact
30,โนรา,"กินรี, ขึ้นทะเบียน, ชาวพื้นเมือง, บูชาครู, ภาคใต้, มีแบบแผน, มโนราห์, ยูเนสโก",กินรี:desc_exact; ขึ้นทะเบียน:desc_exact; ชาวพื้นเมือง:desc_exact; บูชาครู:desc_exact; ภาคใต้:desc_exact; มีแบบแผน:desc_exact; มโนราห์:name_fuzzy; ยูเนสโก:desc_exact
31,ออเจ้าชาวกรุงศรี,"การนุ่งห่ม, กุลสตรี, ชาวพื้นเมือง, ดนตรีพื้นบ้าน, ดนตรีไทย, วันวาน, เครื่องประดับ, เสียงดนตรี",การนุ่งห่ม:desc_exact; กุลสตรี:desc_exact; ชาวพื้นเมือง:name_exact; ดนตรีพื้นบ้าน:desc_exact; ดนตรีไทย:desc_exact; วันวาน:desc_exact; เครื่องประดับ:desc_exact; เสียงดนตรี:desc_exact
32,รองเง็ง,"การละเล่นพื้นเมือง, ค้าขาย, งานรื่นเริง, ชาวพื้นเมือง, ภาคใต้, มลายู, โปรตุเกส",การละเล่นพื้นเมือง:desc_exact; ค้าขาย:desc_exact; งานรื่นเริง:desc_exact; ชาวพื้นเมือง:desc_exact; ภาคใต้:desc_exact; มลายู:desc_exact; โปรตุเกส:desc_exact
33,ระบำตารีกีปัส,"ดนตรีพื้นบ้าน, ดนตรีไทย, ตารี, ตารีกีปัส, ภาคใต้, เครื่องดนตรีตะวันตก, เครื่องดนตรีพื้นบ้าน, เครื่องดนตรีพื้นเมือง, เครื่องประกอบจังหวะ, เพลงไทย",ดนตรีพื้นบ้าน:desc_exact; ดนตรีไทย:desc_exact; ตารี:name_exact; ตารีกีปัส:name_exact; ภาคใต้:desc_exact; เครื่องดนตรีตะวันตก:desc_exact; เครื่องดนตรีพื้นบ้าน:desc_exact; เครื่องดนตรีพื้นเมือง:desc_exact; เครื่องประกอบจังหวะ:desc_exact; เพลงไทย:desc_exact
34,กลองสะบัดชัย,"กลองสะบัดชัย, การตีกลอง, ขบวนแห่, ข้าศึก, ความคล่องแคล่ว, ชาวพื้นเมือง, พิธีทางศาสนา, ภาคเหนือ, ล้านนา, สงคราม, ออกรบ",กลองสะบัดชัย:name_exact; การตีกลอง:desc_exact; ขบวนแห่:desc_exact; ข้าศึก:desc_exact; ความคล่องแคล่ว:desc_exact; ชาวพื้นเมือง:desc_exact; พิธีทางศาสนา:desc_exact; ภาคเหนือ:desc_exact; ล้านนา:desc_exact; สงคราม:desc_exact; ออกรบ:desc_exact
35,ฟ้อนจันทราพาฝัน,"ชาวพื้นเมือง, ชาวเหนือ, ทำนอง, ทำนองเพลง, ท่วงทำนอง, บทร้อง, ศิลปินแห่งชาติ, หญิงสาว, เพลงลาวคำหอม, เพลงไทย, แสงจันทร์",ชาวพื้นเมือง:desc_exact; ชาวเหนือ:desc_exact; ทำนอง:desc_exact; ทำนองเพลง:desc_exact; ท่วงทำนอง:desc_exact; บทร้อง:desc_exact; ศิลปินแห่งชาติ:desc_exact; หญิงสาว:desc_exact; เพลงลาวคำหอม:desc_exact; เพลงไทย:desc_exact; แสงจันทร์:desc_exact
36,ระบำร่อนแร่,"การร่อนแร่, ดนตรีพื้นบ้าน, ดนตรีไทย, ภาคใต้, หญิงสาว, แหล่งน้ำ",การร่อนแร่:desc_exact; ดนตรีพื้นบ้าน:desc_exact; ดนตรีไทย:desc_exact; ภาคใต้:desc_exact; หญิงสาว:desc_exact; แหล่งน้ำ:desc_exact
37,ฟ้อนดวงเดือน,"การเกี้ยวพาราสี, คำร้อง, ชายหนุ่ม, ทำนอง, พระนิพนธ์, สำเนียง, หญิงสาว, เพลงอัตราจังหวะสองชั้น, เพลงไทย",การเกี้ยวพาราสี:desc_exact; คำร้อง:desc_exact; ชายหนุ่ม:desc_exact; ทำนอง:desc_exact; พระนิพนธ์:desc_exact; สำเนียง:desc_exact; หญิงสาว:desc_exact; เพลงอัตราจังหวะสองชั้น:desc_exact; เพลงไทย:desc_exact
38,รำสีนวล,"กุลสตรี, ขับร้อง, เพลงไทย",กุลสตรี:desc_exact; ขับร้อง:desc_exact; เพลงไทย:desc_exact
39,รำวงมาตรฐาน,"การละเล่นพื้นเมือง, ชาวพื้นเมือง, ดอกไม้, ตามเพลง, ภาคกลาง, เพลงคืนเดือนหงาย, เพลงงามแสงเดือน, เพลงชาวไทย, เพลงดวงจันทร์ขวัญฟ้า, เพลงดวงจันทร์วันเพ็ญ, เพลงดอกไม้ของชาติ, เพลงบูชานักรบ, เพลงรำซิมารำ, เพลงหญิงไทยใจงาม, เพลงไทย",การละเล่นพื้นเมือง:desc_exact; ชาวพื้นเมือง:desc_exact; ดอกไม้:desc_exact; ตามเพลง:desc_exact; ภาคกลาง:desc_exact; เพลงคืนเดือนหงาย:desc_exact; เพลงงามแสงเดือน:desc_exact; เพลงชาวไทย:desc_exact; เพลงดวงจันทร์ขวัญฟ้า:desc_exact; เพลงดวงจันทร์วันเพ็ญ:desc_exact; เพลงดอกไม้ของชาติ:desc_exact; เพลงบูชานักรบ:desc_exact; เพลงรำซิมารำ:desc_exact; เพลงหญิงไทยใจงาม:desc_exact; เพลงไทย:desc_exact
40,ฟ้อนที,"ชาวพื้นเมือง, ดนตรีพื้นบ้าน, ดนตรีไทย, ภาคเหนือ, แม่ฮ่องสอน",ชาวพื้นเมือง:desc_exact; ดนตรีพื้นบ้าน:desc_exact; ดนตรีไทย:desc_exact; ภาคเหนือ:desc_exact; แม่ฮ่องสอน:desc_exact
41,ฟ้อนเจิง,"การต่อสู้, ชาวพื้นเมือง, ต่อสู้, ภาคเหนือ, มือเปล่า, ล้านนา, อาวุธ",การต่อสู้:desc_exact; ชาวพื้นเมือง:desc_exact; ต่อสู้:desc_exact; ภาคเหนือ:desc_exact; มือเปล่า:desc_exact; ล้านนา:desc_exact; อาวุธ:desc_exact
42,ฟ้อนเล็บ,"บทร้อง, ภาคเหนือ, สีทอง, เพลงไทย",บทร้อง:desc_exact; ภาคเหนือ:desc_exact; สีทอง:desc_exact; เพลงไทย:desc_exact
43,ฟ้อนรัก,"ท้าวพิชัยพิษณุกร, นักษัตร, นางรื่น, นางโรย, นายแก้ว, บทร้อง, พระนิพนธ์, พระพี่เลี้ยง, พระราชธิดา, พระลอ, พระเจ้าบรมวงศ์เธอกรมพระนราธิปประพันธ์พงศ์, พระเพื่อน, พระแพง, ละครพันทาง, ลิลิตพระลอ",ท้าวพิชัยพิษณุกร:desc_exact; นักษัตร:desc_exact; นางรื่น:desc_exact; นางโรย:desc_exact; นายแก้ว:desc_exact; บทร้อง:desc_exact; พระนิพนธ์:desc_exact; พระพี่เลี้ยง:desc_exact; พระราชธิดา:desc_exact; พระลอ:desc_exact; พระเจ้าบรมวงศ์เธอกรมพระนราธิปประพันธ์พงศ์:desc_exact; พระเพื่อน:desc_exact; พระแพง:desc_exact; ละครพันทาง:desc_exact; ลิลิตพระลอ:desc_exact
44,เซิ้งกระติบข้าว,"การดีด, การปั้น, ข้าวเหนียว, ชาวพื้นเมือง, ชาวภูไท, หญิงสาว, อาหาร",การดีด:desc_exact; การปั้น:desc_exact; ข้าวเหนียว:desc_exact; ชาวพื้นเมือง:desc_exact; ชาวภูไท:desc_exact; หญิงสาว:desc_exact; อาหาร:desc_exact
45,ฟ้อนผาง,"จุดไฟ, ชาวพื้นเมือง, ผางประทีป, ภาคเหนือ, ภาชนะดินเผา, ล้านนา",จุดไฟ:desc_exact; ชาวพื้นเมือง:desc_exact; ผางประทีป:desc_exact; ภาคเหนือ:desc_exact; ภาชนะดินเผา:desc_exact; ล้านนา:desc_exact
46,เซิ้งตังหวาย,"การขับร้อง, ขับร้อง, ขับลำ, ดนตรีพื้นบ้าน, ดนตรีไทย, ลำตังหวาย, ลำนำ, แม่น้ำ, แม่น้ำโขง",การขับร้อง:desc_exact; ขับร้อง:desc_exact; ขับลำ:desc_exact; ดนตรีพื้นบ้าน:desc_exact; ดนตรีไทย:desc_exact; ลำตังหวาย:desc_exact; ลำนำ:desc_exact; แม่น้ำ:desc_exact; แม่น้ำโขง:desc_exact
47,เซิ้งโปงลาง,"ชายหนุ่ม, ดนตรีพื้นบ้าน, ดนตรีไทย, หญิงสาว, เครื่องดนตรีพื้นบ้าน, เครื่องดนตรีพื้นเมือง, โปงลาง",ชายหนุ่ม:desc_exact; ดนตรีพื้นบ้าน:desc_exact; ดนตรีไทย:desc_exact; หญิงสาว:desc_exact; เครื่องดนตรีพื้นบ้าน:desc_exact; เครื่องดนตรีพื้นเมือง:desc_exact; โปงลาง:name_exact
48,ฟ้อนมาลัย,"กรมศิลปากร, ข้าหลวง, ชั้นเดียว, ทำนอง, ทำนองเพลง, น้อยใจยา, พญาผานอง, พระชายา, ราชสำนัก, ละครพันทาง, สำเนียง, เจ้าดารารัศมี, เพลงสำเนียงลาว, เพลงไทย, โรงละครแห่งชาติ",กรมศิลปากร:desc_exact; ข้าหลวง:desc_exact; ชั้นเดียว:desc_exact; ทำนอง:desc_exact; ทำนองเพลง:desc_exact; น้อยใจยา:desc_exact; พญาผานอง:desc_exact; พระชายา:desc_exact; ราชสำนัก:desc_exact; ละครพันทาง:desc_exact; สำเนียง:desc_exact; เจ้าดารารัศมี:desc_exact; เพลงสำเนียงลาว:desc_exact; เพลงไทย:desc_exact; โรงละครแห่งชาติ:desc_exact
49,ระบำเก็บใบชา,"กลับบ้าน, การละเล่นพื้นเมือง, การเก็บใบชา, ชาวพื้นเมือง, ชาวเขา, ผึ่งแดด, ภาคเหนือ, ออกเดินทาง, เดินทาง, ใบชา",กลับบ้าน:desc_exact; การละเล่นพื้นเมือง:desc_exact; การเก็บใบชา:desc_exact; ชาวพื้นเมือง:desc_exact; ชาวเขา:desc_exact; ผึ่งแดด:desc_exact; ภาคเหนือ:desc_exact; ออกเดินทาง:desc_exact; เดินทาง:desc_exact; ใบชา:name_exact
50,เซิ้งไทภูเขา,"ขอขมา, ชาวพื้นเมือง, ชาวภูไท, ผีภู, ภูเขา, ย่านาง, หน่อไม้, อาหาร, เจ้าที่เจ้าทาง, เดินทาง, เทือกเขาภูพาน, ไทภูเขา",ขอขมา:desc_exact; ชาวพื้นเมือง:desc_exact; ชาวภูไท:desc_exact; ผีภู:desc_exact; ภูเขา:name_exact; ย่านาง:desc_exact; หน่อไม้:desc_exact; อาหาร:desc_exact; เจ้าที่เจ้าทาง:desc_exact; เดินทาง:desc_exact; เทือกเขาภูพาน:desc_exact; ไทภูเขา:name_exact
51,ฟ้อนเทียน,"กลางคืน, จุดไฟ, ภาคเหนือ, หญิงสาว, เคลื่อนไหว, เพลงไทย",กลางคืน:desc_exact; จุดไฟ:desc_exact; ภาคเหนือ:desc_exact; หญิงสาว:desc_exact; เคลื่อนไหว:desc_exact; เพลงไทย:desc_exact
52,เซิ้งสวิง,"การจับปลา, ดนตรีพื้นบ้าน, ดนตรีไทย, ทางธรรมชาติ, ภาคตะวันออกเฉียงเหนือ, สัตว์น้ำ, หยอกล้อ",การจับปลา:desc_exact; ดนตรีพื้นบ้าน:desc_exact; ดนตรีไทย:desc_exact; ทางธรรมชาติ:desc_exact; ภาคตะวันออกเฉียงเหนือ:desc_exact; สัตว์น้ำ:desc_exact; หยอกล้อ:desc_exact
53,กราววีรชัยยักษ์,"กองทัพ, จัดทัพ, รามเกียรติ์",กองทัพ:desc_exact; จัดทัพ:desc_exact; รามเกียรติ์:desc_exact
54,กราววีรชัยลิง,"กราววีรชัยลิง, กองทัพ, การต่อสู้, ความคล่องแคล่ว, ต่อสู้, พระราม, รามเกียรติ์, วานร, สิบแปดมงกุฎ",กราววีรชัยลิง:name_exact; กองทัพ:desc_exact; การต่อสู้:desc_exact; ความคล่องแคล่ว:desc_exact; ต่อสู้:desc_exact; พระราม:desc_exact; รามเกียรติ์:desc_exact; วานร:desc_exact; สิบแปดมงกุฎ:desc_exact
55,ฟ้อนสาวไหม,"การทอ, ดนตรีพื้นบ้าน, ดนตรีไทย, ทอผ้า, ผ้าไหม, ภาคเหนือ, สะล้อ, เครื่องดนตรีพื้นบ้าน, เครื่องดนตรีพื้นเมือง, เพลงไทย",การทอ:desc_exact; ดนตรีพื้นบ้าน:desc_exact; ดนตรีไทย:desc_exact; ทอผ้า:desc_exact; ผ้าไหม:desc_exact; ภาคเหนือ:desc_exact; สะล้อ:desc_exact; เครื่องดนตรีพื้นบ้าน:desc_exact; เครื่องดนตรีพื้นเมือง:desc_exact; เพลงไทย:desc_exact
56,ฟ้อนภูไท 3 เผ่า,"การเกี้ยวพาราสี, กาฬสินธุ์, ชาวพื้นเมือง, ชาวภูไท, ต่อสู้, นครพนม, มวยโบราณ, มวยไทย, สกลนคร, เชิงมวย, เทือกเขาภูพาน",การเกี้ยวพาราสี:desc_exact; กาฬสินธุ์:desc_exact; ชาวพื้นเมือง:desc_exact; ชาวภูไท:desc_exact; ต่อสู้:desc_exact; นครพนม:desc_exact; มวยโบราณ:desc_exact; มวยไทย:desc_exact; สกลนคร:desc_exact; เชิงมวย:desc_exact; เทือกเขาภูพาน:desc_exact
57,ฟ้อนหมากกั๊บแก๊บลำเพลิน,"การขับร้อง, ขับร้อง, ชาวพื้นเมือง, ดนตรีพื้นบ้าน, ดนตรีไทย, ฟันปลา, ภาคอีสาน, ลำเพลิน, หมากกั๊บแก๊บ, หยอกล้อ, อีสาน, เครื่องดนตรีพื้นบ้าน, เครื่องดนตรีพื้นเมือง, ไม้ยาว, ไม้สั้น",การขับร้อง:desc_exact; ขับร้อง:desc_exact; ชาวพื้นเมือง:desc_exact; ดนตรีพื้นบ้าน:desc_exact; ดนตรีไทย:desc_exact; ฟันปลา:desc_exact; ภาคอีสาน:desc_exact; ลำเพลิน:name_exact; หมากกั๊บแก๊บ:name_exact; หยอกล้อ:desc_exact; อีสาน:desc_exact; เครื่องดนตรีพื้นบ้าน:desc_exact; เครื่องดนตรีพื้นเมือง:desc_exact; ไม้ยาว:desc_exact; ไม้สั้น:desc_exact
58,การแสดงโขนเรื่องรามเกียรติ์ ชุดยกรบ,"กรุงลงกา, กองทัพ, การขึ้นลอย, การรบ, ชั้นเชิง, ทศกัณฐ์, พระราม, พระลักษมณ์, พลวานร, รามเกียรติ์, วานร, สงคราม, อาวุธ, ไพร่พล",กรุงลงกา:desc_exact; กองทัพ:desc_exact; การขึ้นลอย:desc_exact; การรบ:desc_exact; ชั้นเชิง:desc_exact; ทศกัณฐ์:desc_exact; พระราม:desc_exact; พระลักษมณ์:desc_exact; พลวานร:desc_exact; รามเกียรติ์:name_exact; วานร:desc_exact; สงคราม:desc_exact; อาวุธ:desc_exact; ไพร่พล:desc_exact
59,การแสดงโขนเรื่องรามเกียรติ์ ตอน  จองถนน,"กราบทูล, กรุงลงกา, ขีดขิน, จองถนน, ชามพูวราช, ทะเล, พระราม, พลวานร, รามเกียรติ์, วานร, วิดน้ำ, อาสา, เมืองขีดขิน, เมืองชมพู, ไพร่พล",กราบทูล:desc_exact; กรุงลงกา:desc_exact; ขีดขิน:desc_exact; จองถนน:name_exact; ชามพูวราช:desc_exact; ทะเล:desc_exact; พระราม:desc_exact; พลวานร:desc_exact; รามเกียรติ์:name_exact; วานร:desc_exact; วิดน้ำ:desc_exact; อาสา:desc_exact; เมืองขีดขิน:desc_exact; เมืองชมพู:desc_exact; ไพร่พล:desc_exact
60,การแสดงโขนเรื่องรามเกียรติ์ ตอน  ศึกแสงอาทิตย์,"กองทัพ, ทศกัณฐ์, ประทาน, พญาขร, พระพรหม, พระราม, พิเภก, มังกรกัณฐ์, รามเกียรติ์, อนุชา, อาวุธ, แว่นแก้วสุรกานต์, แสงอาทิตย์, โอรส",กองทัพ:desc_exact; ทศกัณฐ์:desc_exact; ประทาน:desc_exact; พญาขร:desc_exact; พระพรหม:desc_exact; พระราม:desc_exact; พิเภก:desc_exact; มังกรกัณฐ์:desc_exact; รามเกียรติ์:name_exact; อนุชา:desc_exact; อาวุธ:desc_exact; แว่นแก้วสุรกานต์:desc_exact; แสงอาทิตย์:name_exact; โอรส:desc_exact
61,การแสดงโขนเรื่องรามเกียรติ์ ตอน  หนุมานชาญสมร,"กรุงลงกา, กองทัพ, จำกาย, ประทาน, ฝากตัว, พระนารายณ์, พระพาย, พระราม, พระองค์, พลับพลา, รับใช้, รามเกียรติ์, สวามิภักดิ์, หนุมาน, เขี้ยวแก้ว",กรุงลงกา:desc_exact; กองทัพ:desc_exact; จำกาย:desc_exact; ประทาน:desc_exact; ฝากตัว:desc_exact; พระนารายณ์:desc_exact; พระพาย:desc_exact; พระราม:desc_exact; พระองค์:desc_exact; พลับพลา:desc_exact; รับใช้:desc_exact; รามเกียรติ์:name_exact; สวามิภักดิ์:desc_exact; หนุมาน:name_exact; เขี้ยวแก้ว:desc_exact
62,กระทบสากหรือกระทบไม้,"กระทบไม้, การละเล่นพื้นเมือง, กิจวัตร, ชาวพื้นเมือง, พระจันทร์, ภาคอีสาน, สากตำข้าว, สุรินทร์, อีสาน, เครื่องประกอบจังหวะ, เต้นสาก",กระทบไม้:name_exact; การละเล่นพื้นเมือง:desc_exact; กิจวัตร:desc_exact; ชาวพื้นเมือง:desc_exact; พระจันทร์:desc_exact; ภาคอีสาน:desc_exact; สากตำข้าว:desc_exact; สุรินทร์:desc_exact; อีสาน:desc_exact; เครื่องประกอบจังหวะ:desc_exact; เต้นสาก:desc_exact
63,การแสดงโขนเรื่องรามเกียรติ์ ตอน  นารายณ์ปราบนนทก,"กราบทูล, นนทก, นิ้วเพชร, ประทาน, พระนารายณ์, พระศิวะ, พระองค์, พระอิศวร, มีฤทธิ์, รับใช้, รามเกียรติ์, เขาไกลลาศ, เข้าเฝ้า, เชิงบันได, เทวดา",กราบทูล:desc_exact; นนทก:name_exact; นิ้วเพชร:desc_exact; ประทาน:desc_exact; พระนารายณ์:desc_exact; พระศิวะ:desc_exact; พระองค์:desc_exact; พระอิศวร:desc_exact; มีฤทธิ์:desc_exact; รับใช้:desc_exact; รามเกียรติ์:name_exact; เขาไกลลาศ:desc_exact; เข้าเฝ้า:desc_exact; เชิงบันได:desc_exact; เทวดา:desc_exact
64,การแสดงโขนเรื่องรามเกียรติ์ ตอน กุมภกรรณพุ่งหอกโมกขศักดิ์,"กรุงลงกา, การศึก, กุมภกรรณ, ขับไล่, ทศกัณฐ์, นางสีดา, พระพรหม, พระราม, มัยราพณ์, รามเกียรติ์, สงคราม, สิ้นชีพ, หอกโมกขศักดิ์, อนุชา, อาสา",กรุงลงกา:desc_exact; การศึก:desc_exact; กุมภกรรณ:name_exact; ขับไล่:desc_exact; ทศกัณฐ์:desc_exact; นางสีดา:desc_exact; พระพรหม:desc_exact; พระราม:desc_exact; มัยราพณ์:desc_exact; รามเกียรติ์:name_exact; สงคราม:desc_exact; สิ้นชีพ:desc_exact; หอกโมกขศักดิ์:name_exact; อนุชา:desc_exact; อาสา:desc_exact
65,การแสดงโขนเรื่องรามเกียรติ์ ตอน พระรามตามกวาง,"กลอุบาย, กวางทอง, กากนาสูร, ทศกัณฐ์, นางสีดา, พระยา, พระราชบัญชา, พระราม, มารีศ, รามเกียรติ์, แปลงกาย",กลอุบาย:desc_exact; กวางทอง:desc_exact; กากนาสูร:desc_exact; ทศกัณฐ์:desc_exact; นางสีดา:desc_exact; พระยา:desc_exact; พระราชบัญชา:desc_exact; พระราม:name_exact; มารีศ:desc_exact; รามเกียรติ์:name_exact; แปลงกาย:desc_exact
66,การแสดงโขนเรื่องรามเกียรติ์ ตอน ขับพิเภก,"กรุงลงกา, กลายร่าง, กะลา, ขับไล่, ทศกัณฐ์, ทำนาย, น้ำมันยาง, พระญาติ, พระราม, พระลาน, พิเภก, รับใช้, รามเกียรติ์, สะเดาะ, ไส้กะลา",กรุงลงกา:desc_exact; กลายร่าง:desc_exact; กะลา:desc_exact; ขับไล่:desc_exact; ทศกัณฐ์:desc_exact; ทำนาย:desc_exact; น้ำมันยาง:desc_exact; พระญาติ:desc_exact; พระราม:desc_exact; พระลาน:desc_exact; พิเภก:name_exact; รับใช้:desc_exact; รามเกียรติ์:name_exact; สะเดาะ:desc_exact; ไส้กะลา:desc_exact
67,การแสดงโขนเรื่องรามเกียรติ์ ตอน นางลอย,"กรุงลงกา, กองทัพ, จำแลง, ทศกัณฐ์, ทำนาย, นางสีดา, พระราม, พลับพลา, พิเภก, รามเกียรติ์, สงคราม, สะเดาะ, สะเดาะเคราะห์, เบญกาย, แม่น้ำ",กรุงลงกา:desc_exact; กองทัพ:desc_exact; จำแลง:desc_exact; ทศกัณฐ์:desc_exact; ทำนาย:desc_exact; นางสีดา:desc_exact; พระราม:desc_exact; พลับพลา:desc_exact; พิเภก:desc_exact; รามเกียรติ์:name_exact; สงคราม:desc_exact; สะเดาะ:desc_exact; สะเดาะเคราะห์:desc_exact; เบญกาย:desc_exact; แม่น้ำ:desc_exact
68,ฟ้อนภูไท,"กาฬสินธุ์, ชาวพื้นเมือง, ชาวภูไท, นครพนม, มุกดาหาร, สกลนคร, สายสืบ, เคลื่อนไหว, เทือกเขาภูพาน, แม่น้ำ, แม่น้ำโขง",กาฬสินธุ์:desc_exact; ชาวพื้นเมือง:desc_exact; ชาวภูไท:desc_exact; นครพนม:desc_exact; มุกดาหาร:desc_exact; สกลนคร:desc_exact; สายสืบ:desc_exact; เคลื่อนไหว:desc_exact; เทือกเขาภูพาน:desc_exact; แม่น้ำ:desc_exact; แม่น้ำโขง:desc_exact
69,การแสดงโขนเรื่องรามเกียรติ์ ตอน สามจับ,"กุมภกรรณ, ต่อสู้, ต้นรัง, ถอยทัพ, รามเกียรติ์, สุครีพ, หนุมาน, หมดแรง, องคต, ออกอุบาย",กุมภกรรณ:desc_exact; ต่อสู้:desc_exact; ต้นรัง:desc_exact; ถอยทัพ:desc_exact; รามเกียรติ์:name_exact; สุครีพ:desc_exact; หนุมาน:desc_fuzzy; หมดแรง:desc_exact; องคต:desc_exact; ออกอุบาย:desc_exact
70,การแสดงโขนเรื่องรามเกียรติ์ ตอน สุครีพถอนต้นรัง,"กุมภกรรณ, ต้นรัง, ถอยทัพ, ทศกัณฐ์, ทัพหน้า, พลับพลา, รามเกียรติ์, สุครีพ, หนุมาน, หมดแรง, องคต, อนุชา, ออกศึก, ออกอุบาย, เชษฐา",กุมภกรรณ:desc_exact; ต้นรัง:name_exact; ถอยทัพ:desc_exact; ทศกัณฐ์:desc_exact; ทัพหน้า:desc_exact; พลับพลา:desc_exact; รามเกียรติ์:name_exact; สุครีพ:name_exact; หนุมาน:desc_fuzzy; หมดแรง:desc_exact; องคต:desc_exact; อนุชา:desc_exact; ออกศึก:desc_exact; ออกอุบาย:desc_exact; เชษฐา:desc_exact
71,การแสดงโขนเรื่องรามเกียรติ์ ตอน พาลีสอนน้อง,"ขีดขิน, นักษัตร, ผู้ครองนคร, พระมหากษัตริย์, พระราม, พาลี, รับใช้, รามเกียรติ์, สมมุติเทพ, สุครีพ, หลักราชการ, อนุชา",ขีดขิน:desc_exact; นักษัตร:desc_exact; ผู้ครองนคร:desc_exact; พระมหากษัตริย์:desc_exact; พระราม:desc_exact; พาลี:name_exact; รับใช้:desc_exact; รามเกียรติ์:name_exact; สมมุติเทพ:desc_exact; สุครีพ:desc_exact; หลักราชการ:desc_exact; อนุชา:desc_exact
72,กินนรีร่อนออกมโนราห์บูชายัญ,"กระบวนท่ารำ, กินรี, นางกินรี, บูชายัญ, มโนราห์, ละครชาตรี, สระอโนดาต, เล่นน้ำ",กระบวนท่ารำ:desc_exact; กินรี:desc_exact; นางกินรี:desc_exact; บูชายัญ:name_exact; มโนราห์:name_exact; ละครชาตรี:desc_exact; สระอโนดาต:desc_exact; เล่นน้ำ:desc_exact
73,เมขลา รามสูร,"ดวงแก้ว, ตำนาน, ทะเล, นางฟ้า, รามสูร, ฤดูฝน, วสันตฤดู, อสูร, เดินทาง, เทพธิดา, เทพนิยาย, เทพบุตร, เทวดา, เมขลา",ดวงแก้ว:desc_exact; ตำนาน:desc_exact; ทะเล:desc_exact; นางฟ้า:desc_exact; รามสูร:name_exact; ฤดูฝน:desc_exact; วสันตฤดู:desc_exact; อสูร:desc_exact; เดินทาง:desc_exact; เทพธิดา:desc_exact; เทพนิยาย:desc_exact; เทพบุตร:desc_exact; เทวดา:desc_exact; เมขลา:name_exact
74,การแสดงโขนเรื่องรามเกียรติ์ ตอน ศึกสัทธาสูร,"ขี่ม้า, ข่ายเพชร, จนตาย, ต่อสู้, บอกทาง, พระยา, พระราม, ฟองน้ำ, ภูเขา, รามเกียรติ์, วิรุญจำบัง, ศรพาลจันทร์, สัทธาสูร, ออกอุบาย, อาวุธ",ขี่ม้า:desc_exact; ข่ายเพชร:desc_exact; จนตาย:desc_exact; ต่อสู้:desc_exact; บอกทาง:desc_exact; พระยา:desc_exact; พระราม:desc_exact; ฟองน้ำ:desc_exact; ภูเขา:desc_exact; รามเกียรติ์:name_exact; วิรุญจำบัง:desc_exact; ศรพาลจันทร์:desc_exact; สัทธาสูร:name_exact; ออกอุบาย:desc_exact; อาวุธ:desc_exact
75,ระบำกรับ,"กรับพวง, ดนตรีพื้นบ้าน, ดนตรีไทย, ต้นขา, ทำนอง, ท่วงทำนอง, ฝ่ามือ, มือขวา, เครื่องดนตรีพื้นบ้าน, เครื่องดนตรีพื้นเมือง, เพลงไทย",กรับพวง:desc_exact; ดนตรีพื้นบ้าน:desc_exact; ดนตรีไทย:desc_exact; ต้นขา:desc_exact; ทำนอง:desc_exact; ท่วงทำนอง:desc_exact; ฝ่ามือ:desc_exact; มือขวา:desc_exact; เครื่องดนตรีพื้นบ้าน:desc_exact; เครื่องดนตรีพื้นเมือง:desc_exact; เพลงไทย:desc_exact
76,การแสดงโขนเรื่องรามเกียรติ์ ตอน ศึกวิรุญจำบัง,"คู่ใจ, จารึก, ท้าวลัสเตียน, นิลพาหุ, พญาทูษณ์, พระราม, พลวานร, มารดา, รับอาสา, รามเกียรติ์, วิรุญจำบัง, วิรุณจำบัง, สัทธาสูร, อาสา, โอรส",คู่ใจ:desc_exact; จารึก:desc_exact; ท้าวลัสเตียน:desc_exact; นิลพาหุ:desc_exact; พญาทูษณ์:desc_exact; พระราม:desc_exact; พลวานร:desc_exact; มารดา:desc_exact; รับอาสา:desc_exact; รามเกียรติ์:name_exact; วิรุญจำบัง:name_exact; วิรุณจำบัง:desc_exact; สัทธาสูร:desc_exact; อาสา:desc_exact; โอรส:desc_exact
77,การแสดงโขนเรื่องรามเกียรติ์ ตอน พระคเณศเสียงา,"กิจจะ, ตัวพระ, ต่อสู้, นักษัตร, ปรศุราม, ปารวตี, พระคเณศ, พระตำหนัก, พระองค์, พระอิศวร, รามเกียรติ์, อวตาร, อาวุธ, เขาไกรลาส, เข้าเฝ้า",กิจจะ:desc_exact; ตัวพระ:desc_exact; ต่อสู้:desc_exact; นักษัตร:desc_exact; ปรศุราม:desc_exact; ปารวตี:desc_exact; พระคเณศ:name_exact; พระตำหนัก:desc_exact; พระองค์:desc_exact; พระอิศวร:desc_exact; รามเกียรติ์:name_exact; อวตาร:desc_exact; อาวุธ:desc_exact; เขาไกรลาส:desc_exact; เข้าเฝ้า:desc_exact
78,รจนาเสี่ยงพวงมาลัย,"นางเอก, บทละคร, บุปเพสันนิวาส, พระสังข์, พระเอก, พวงมาลัย, รจนา, รูปทอง, รูปนอก, สวามี, สังข์ทอง, เจ้าหญิง, เจ้าเงาะ, แกล้งทำ, แปลงตัว",นางเอก:desc_exact; บทละคร:desc_exact; บุปเพสันนิวาส:desc_exact; พระสังข์:desc_exact; พระเอก:desc_exact; พวงมาลัย:name_exact; รจนา:name_exact; รูปทอง:desc_exact; รูปนอก:desc_exact; สวามี:desc_exact; สังข์ทอง:desc_exact; เจ้าหญิง:desc_exact; เจ้าเงาะ:desc_exact; แกล้งทำ:desc_exact; แปลงตัว:desc_exact
79,การแสดงโขนเรื่องรามเกียรติ์ ตอน ลักสีดา,"กรุงลงกา, กวางทอง, จำกาย, ทศกัณฐ์, นางสีดา, พระราม, พระลักษมณ์, มารีศ, รามเกียรติ์, ฤาษี, สำมนักขา, แกล้งทำ, ได้ยิน",กรุงลงกา:desc_exact; กวางทอง:desc_exact; จำกาย:desc_exact; ทศกัณฐ์:desc_exact; นางสีดา:desc_exact; พระราม:desc_exact; พระลักษมณ์:desc_exact; มารีศ:desc_exact; รามเกียรติ์:name_exact; ฤาษี:desc_exact; สำมนักขา:desc_exact; แกล้งทำ:desc_exact; ได้ยิน:desc_exact
80,ระบำกินรีร่อน,"กินรี, ทำนอง, ท่วงทำนอง, สระอโนดาต, เขาไกรลาส, เพลงไทย",กินรี:name_exact; ทำนอง:desc_exact; ท่วงทำนอง:desc_exact; สระอโนดาต:desc_exact; เขาไกรลาส:desc_exact; เพลงไทย:desc_exact
81,การแสดงโขนเรื่องรามเกียรติ์ ตอน ศึกพรหมาสตร์,"กราบทูล, กองทัพ, กาลสูร, ช้างเอราวัณ, ทำพิธี, นางฟ้า, พรหมาสตร์, พระราม, พระอินทร์, รามเกียรติ์, ศรพรหมาสตร์, สิ้นชีวิต, อินทรชิต, แปลงกาย, แปลงตัว",กราบทูล:desc_exact; กองทัพ:desc_exact; กาลสูร:desc_exact; ช้างเอราวัณ:desc_exact; ทำพิธี:desc_exact; นางฟ้า:desc_exact; พรหมาสตร์:name_exact; พระราม:desc_exact; พระอินทร์:desc_exact; รามเกียรติ์:name_exact; ศรพรหมาสตร์:desc_exact; สิ้นชีวิต:desc_exact; อินทรชิต:desc_exact; แปลงกาย:desc_exact; แปลงตัว:desc_exact
82,ระบำฉิ่ง,"ดนตรีพื้นบ้าน, ดนตรีไทย, ทำนอง, ท่วงทำนอง, รัวฉิ่ง, เครื่องดนตรีพื้นบ้าน, เครื่องดนตรีพื้นเมือง, เพลงไทย",ดนตรีพื้นบ้าน:desc_exact; ดนตรีไทย:desc_exact; ทำนอง:desc_exact; ท่วงทำนอง:desc_exact; รัวฉิ่ง:desc_exact; เครื่องดนตรีพื้นบ้าน:desc_exact; เครื่องดนตรีพื้นเมือง:desc_exact; เพลงไทย:desc_exact
83,ระบำดาวดึงส์,"จับระบำ, ดาวดึงส์, ทิพยวิมาน, พระอินทร์, ระบำมาตรฐาน, ละครดึกดำบรรพ์, สังข์ทอง, เทพธิดา, เทพบุตร, แต่งกายยืนเครื่องพระ",จับระบำ:desc_exact; ดาวดึงส์:name_exact; ทิพยวิมาน:desc_exact; พระอินทร์:desc_exact; ระบำมาตรฐาน:desc_exact; ละครดึกดำบรรพ์:desc_exact; สังข์ทอง:desc_exact; เทพธิดา:desc_exact; เทพบุตร:desc_exact; แต่งกายยืนเครื่องพระ:desc_exact
84,ระบำนพรัตน์,"ทับทิม, บุษราคัม, มรกต, อัญมณี, เพทาย, โกเมน, ไพฑูรย์",ทับทิม:desc_exact; บุษราคัม:desc_exact; มรกต:desc_exact; อัญมณี:desc_exact; เพทาย:desc_exact; โกเมน:desc_exact; ไพฑูรย์:desc_exact
85,ระบำชุดไทยพระราชนิยม,"ฉลองพระองค์, บทร้อง, พระบรมราชชนนีพันปีหลวง, พระองค์, ไทยจักรพรรดิ์, ไทยจักรี, ไทยจิตรลดา, ไทยดุสิต, ไทยบรมพิมาน, ไทยศิวาลัย, ไทยอมรินทร์, ไทยเรือนต้น",ฉลองพระองค์:desc_exact; บทร้อง:desc_exact; พระบรมราชชนนีพันปีหลวง:desc_exact; พระองค์:desc_exact; ไทยจักรพรรดิ์:desc_exact; ไทยจักรี:desc_exact; ไทยจิตรลดา:desc_exact; ไทยดุสิต:desc_exact; ไทยบรมพิมาน:desc_exact; ไทยศิวาลัย:desc_exact; ไทยอมรินทร์:desc_exact; ไทยเรือนต้น:desc_exact
86,ระบำศรีชยสิงห์,"กาญจนบุรี, จารึก, นางอัปสราบายน, บุรี, ปราสาทพระขรรค์, ปราสาทเมืองสิงห์, พระเจ้าชัยวรมัน, ภาพจำหลัก, ริมแม่น้ำ, แควน้อย, แม่น้ำ",กาญจนบุรี:desc_exact; จารึก:desc_exact; นางอัปสราบายน:desc_exact; บุรี:desc_exact; ปราสาทพระขรรค์:desc_exact; ปราสาทเมืองสิงห์:desc_exact; พระเจ้าชัยวรมัน:desc_exact; ภาพจำหลัก:desc_exact; ริมแม่น้ำ:desc_exact; แควน้อย:desc_exact; แม่น้ำ:desc_exact
87,ระบำพรหมาสตร์,"กองทัพ, การุณราช, ช้างเอราวัณ, นางฟ้า, พรหมาสตร์, พระลักษมณ์, พระอินทร์, รามเกียรติ์, สงคราม, อินทรชิต, เทพบุตร, เทวดา, แปลงกาย, แปลงตัว, โอรส",กองทัพ:desc_exact; การุณราช:desc_exact; ช้างเอราวัณ:desc_exact; นางฟ้า:desc_exact; พรหมาสตร์:name_exact; พระลักษมณ์:desc_exact; พระอินทร์:desc_exact; รามเกียรติ์:desc_exact; สงคราม:desc_exact; อินทรชิต:desc_exact; เทพบุตร:desc_exact; เทวดา:desc_exact; แปลงกาย:desc_exact; แปลงตัว:desc_exact; โอรส:desc_exact
88,ระบำเทพบันเทิง,"ระบำมาตรฐาน, ละครใน, องค์ปะตาระกาหลา, อิเหนา, เทพธิดา, เทพบุตร, แต่งกายยืนเครื่องพระ",ระบำมาตรฐาน:desc_exact; ละครใน:desc_exact; องค์ปะตาระกาหลา:desc_exact; อิเหนา:desc_exact; เทพธิดา:desc_exact; เทพบุตร:desc_exact; แต่งกายยืนเครื่องพระ:desc_exact
89,ระบำวิชนี,"ทำนอง, ทำนองเพลง, นางใน, บทร้อง, มือขวา, ราชสำนัก, วิชนี, หญิงสาว, เพลงไทย",ทำนอง:desc_exact; ทำนองเพลง:desc_exact; นางใน:desc_exact; บทร้อง:desc_exact; มือขวา:desc_exact; ราชสำนัก:desc_exact; วิชนี:name_exact; หญิงสาว:desc_exact; เพลงไทย:desc_exact
90,รำซัดชาตรี,"ดนตรีพื้นบ้าน, ดนตรีไทย, ทำนอง, ท่วงทำนอง, ผู้แสดงฝ่ายชาย, ผู้แสดงฝ่ายหญิง, รำคู่, ละครชาตรี, เบิกโรง, ไหว้ครู",ดนตรีพื้นบ้าน:desc_exact; ดนตรีไทย:desc_exact; ทำนอง:desc_exact; ท่วงทำนอง:desc_exact; ผู้แสดงฝ่ายชาย:desc_exact; ผู้แสดงฝ่ายหญิง:desc_exact; รำคู่:desc_exact; ละครชาตรี:desc_exact; เบิกโรง:desc_exact; ไหว้ครู:desc_exact
91,รำเบิกโรงดอกไม้เงินทอง,"ดอกไม้, ดอกไม้เงิน, ทำนอง, ทำนองเพลง, บทร้อง, พระบาทสมเด็จพระจอมเกล้าเจ้าอยู่หัว, มือขวา, มือซ้าย, ละครใน, เบิกโรง, เพลงไทย, แต่งกายยืนเครื่องพระ",ดอกไม้:name_exact; ดอกไม้เงิน:name_exact; ทำนอง:desc_exact; ทำนองเพลง:desc_exact; บทร้อง:desc_exact; พระบาทสมเด็จพระจอมเกล้าเจ้าอยู่หัว:desc_exact; มือขวา:desc_exact; มือซ้าย:desc_exact; ละครใน:desc_exact; เบิกโรง:name_exact; เพลงไทย:desc_exact; แต่งกายยืนเครื่องพระ:desc_exact
92,รำฝรั่งคู่,"จีนรัว, จีนรำพัด, ตะเขิ่ง, ทำนอง, รำคู่, รำพัด, เจ้าเซ็น, เพลงฉิ่ง, เพลงฝรั่งรำเท้า, เพลงเร็ว, เพลงไทย, แต่งกายยืนเครื่องพระ",จีนรัว:desc_exact; จีนรำพัด:desc_exact; ตะเขิ่ง:desc_exact; ทำนอง:desc_exact; รำคู่:desc_exact; รำพัด:desc_exact; เจ้าเซ็น:desc_exact; เพลงฉิ่ง:desc_exact; เพลงฝรั่งรำเท้า:desc_exact; เพลงเร็ว:desc_exact; เพลงไทย:desc_exact; แต่งกายยืนเครื่องพระ:desc_exact
93,รำแม่บท,"กระบวนท่ารำ, บทร้อง, รำมาตรฐาน, แต่งกายยืนเครื่องพระ, แม่บท",กระบวนท่ารำ:desc_exact; บทร้อง:desc_exact; รำมาตรฐาน:desc_exact; แต่งกายยืนเครื่องพระ:desc_exact; แม่บท:name_exact
94,รำพลายชุมพล,"ขุนช้าง, ขุนแผน, ทำนอง, ทำนองเพลง, พระไวย, พลายชุมพล, รำเดี่ยว, ละครเสภา, วาจา, ออกรบ, เพลงมอญดูดาว, เพลงไทย, แก้แค้น, แตกทัพ, แต่งตัว",ขุนช้าง:desc_exact; ขุนแผน:desc_exact; ทำนอง:desc_exact; ทำนองเพลง:desc_exact; พระไวย:desc_exact; พลายชุมพล:name_exact; รำเดี่ยว:desc_exact; ละครเสภา:desc_exact; วาจา:desc_exact; ออกรบ:desc_exact; เพลงมอญดูดาว:desc_exact; เพลงไทย:desc_exact; แก้แค้น:desc_exact; แตกทัพ:desc_exact; แต่งตัว:desc_exact
95,การแสดงโขนเรื่องรามเกียรติ์ ตอน ศึกวิรุญมุข,"ชามพูวราช, ทำพิธี, พระราม, พิเภก, รับอาสา, รามเกียรติ์, วิรุญจำบัง, วิรุญมุข, ศรนาคบาศ, หายตัว, อาสา, อินทรชิต, เขาอังกาศ, เดินอากาศ, โอรส",ชามพูวราช:desc_exact; ทำพิธี:desc_exact; พระราม:desc_exact; พิเภก:desc_exact; รับอาสา:desc_exact; รามเกียรติ์:name_exact; วิรุญจำบัง:desc_exact; วิรุญมุข:name_exact; ศรนาคบาศ:desc_exact; หายตัว:desc_exact; อาสา:desc_exact; อินทรชิต:desc_exact; เขาอังกาศ:desc_exact; เดินอากาศ:desc_exact; โอรส:desc_exact
96,รำประเลง,"ทำนอง, ทำนองเพลง, ปิดหน้า, รังควาญ, ละครใน, หางนกยูง, อิทธิฤทธิ์, เทวดา, เบิกโรง, เพลงกลม, เพลงชำนาญ, เพลงหน้าพาทย์, เพลงไทย, เสนียดจัญไร, โคมเวียน",ทำนอง:desc_exact; ทำนองเพลง:desc_exact; ปิดหน้า:desc_exact; รังควาญ:desc_exact; ละครใน:desc_exact; หางนกยูง:desc_exact; อิทธิฤทธิ์:desc_exact; เทวดา:desc_exact; เบิกโรง:desc_exact; เพลงกลม:desc_exact; เพลงชำนาญ:desc_exact; เพลงหน้าพาทย์:desc_exact; เพลงไทย:desc_exact; เสนียดจัญไร:desc_exact; โคมเวียน:desc_exact
97,รำมโนห์ราบูชายัญ,"กองไฟ, บินหนี, บูชายัญ, มโนห์รา, เขาไกรลาส",กองไฟ:desc_exact; บินหนี:desc_exact; บูชายัญ:name_exact; มโนห์รา:name_exact; เขาไกรลาส:desc_exact
98,ระบำย่องหงิด,"กระบวนท่ารำ, คำร้อง, จับระบำ, ทำนอง, ทำนองเพลง, นางฟ้า, พี่เลี้ยง, ย่องหงิด, วาดรูป, อาสา, อุณรุท, อุษา, เทพบุตร, เทวดา, เพลงไทย",กระบวนท่ารำ:desc_exact; คำร้อง:desc_exact; จับระบำ:desc_exact; ทำนอง:desc_exact; ทำนองเพลง:desc_exact; นางฟ้า:desc_exact; พี่เลี้ยง:desc_exact; ย่องหงิด:name_exact; วาดรูป:desc_exact; อาสา:desc_exact; อุณรุท:desc_exact; อุษา:desc_exact; เทพบุตร:desc_exact; เทวดา:desc_exact; เพลงไทย:desc_exact
99,ระบำกฤดาภินิหาร,"กรมศิลปากร, การสอน, นางฟ้า, บทร้อง, ยมะ, ศุภลักษณ์, สากล, เกียรติศักดิ์ไทย, เทวดา",กรมศิลปากร:desc_exact; การสอน:desc_exact; นางฟ้า:desc_exact; บทร้อง:desc_exact; ยมะ:desc_exact; ศุภลักษณ์:desc_exact; สากล:desc_exact; เกียรติศักดิ์ไทย:desc_exact; เทวดา:desc_exact
100,ระบำเซียงแสน,"จิตรกรรม, ดนตรีพื้นบ้าน, ดนตรีไทย, ปูนปั้น, พุทธศตวรรษ, ภาคตะวันออกเฉียงเหนือ, ภาคเหนือ, ภาพจิตรกรรมฝาผนัง, เสียงดนตรี, โบราณสถาน",จิตรกรรม:desc_exact; ดนตรีพื้นบ้าน:desc_exact; ดนตรีไทย:desc_exact; ปูนปั้น:desc_exact; พุทธศตวรรษ:desc_exact; ภาคตะวันออกเฉียงเหนือ:desc_exact; ภาคเหนือ:desc_exact; ภาพจิตรกรรมฝาผนัง:desc_exact; เสียงดนตรี:desc_exact; โบราณสถาน:desc_exact
101,หนุมานจับนางสุพรรณมัจฉา,"กรุงลงกา, กองทัพ, การเกี้ยวพาราสี, จับนาง, นางสีดา, บริวาร, พระราม, มหาสมุทร, รามเกียรติ์, วานร, สุพรรณมัจฉา, หนุมาน, เดินทาง",กรุงลงกา:desc_exact; กองทัพ:desc_fuzzy; การเกี้ยวพาราสี:desc_exact; จับนาง:name_exact; นางสีดา:desc_exact; บริวาร:desc_exact; พระราม:desc_fuzzy; มหาสมุทร:desc_exact; รามเกียรติ์:desc_exact; วานร:desc_exact; สุพรรณมัจฉา:name_exact; หนุมาน:name_exact; เดินทาง:desc_exact
102,ระบำทวารวดี,"จิตรกรรม, ดนตรีพื้นบ้าน, ดนตรีไทย, ประติมากรรม, พุทธศตวรรษ, สมัยทวารวดี, เสียงดนตรี, โบราณวัตถุ",จิตรกรรม:desc_exact; ดนตรีพื้นบ้าน:desc_exact; ดนตรีไทย:desc_exact; ประติมากรรม:desc_exact; พุทธศตวรรษ:desc_exact; สมัยทวารวดี:desc_exact; เสียงดนตรี:desc_exact; โบราณวัตถุ:desc_exact
103,ฉุยฉายศูรปนขา,"ฉุยฉาย, ทศกัณฐ์, น้องสาว, พระราม, ยักษิณี, รามเกียรติ์, ศูรปนขา, แปลงกาย",ฉุยฉาย:name_exact; ทศกัณฐ์:desc_exact; น้องสาว:desc_exact; พระราม:desc_exact; ยักษิณี:desc_exact; รามเกียรติ์:desc_exact; ศูรปนขา:name_exact; แปลงกาย:desc_exact
104,ฉุยฉายพราหมณ์,"ฉุยฉาย, ชาวพื้นเมือง, พระคเณศ, พระนารายณ์, พระศิวะ, พระอิศวร, พระอุมา, พราหมณ์, มเหสี, ฮินดู, เทพเจ้า, เบิกโรง, แปลงกาย",ฉุยฉาย:name_exact; ชาวพื้นเมือง:desc_exact; พระคเณศ:desc_exact; พระนารายณ์:desc_exact; พระศิวะ:desc_exact; พระอิศวร:desc_exact; พระอุมา:desc_exact; พราหมณ์:name_exact; มเหสี:desc_exact; ฮินดู:desc_exact; เทพเจ้า:desc_exact; เบิกโรง:desc_exact; แปลงกาย:desc_exact
105,ระบำสุโขทัย,"ดนตรีพื้นบ้าน, ดนตรีไทย, ประติมากรรม, ปางลีลา, ปูนปั้น, พระพุทธรูป, พุทธศตวรรษ, สมัยสุโขทัย, หล่อสำริด",ดนตรีพื้นบ้าน:desc_exact; ดนตรีไทย:desc_exact; ประติมากรรม:desc_exact; ปางลีลา:desc_exact; ปูนปั้น:desc_exact; พระพุทธรูป:desc_exact; พุทธศตวรรษ:desc_exact; สมัยสุโขทัย:desc_exact; หล่อสำริด:desc_exact
106,ระบำลพบุรี,"ดนตรีพื้นบ้าน, ดนตรีไทย, ทับหลัง, นครราชสีมา, บุรี, บุรีรัมย์, ประติมากรรม, ปราสาทพนมรุ้ง, ปราสาทหินพิมาย, พุทธศตวรรษ, สมัยลพบุรี, หน้าบัน",ดนตรีพื้นบ้าน:desc_exact; ดนตรีไทย:desc_exact; ทับหลัง:desc_exact; นครราชสีมา:desc_exact; บุรี:name_exact; บุรีรัมย์:desc_exact; ประติมากรรม:desc_exact; ปราสาทพนมรุ้ง:desc_exact; ปราสาทหินพิมาย:desc_exact; พุทธศตวรรษ:desc_exact; สมัยลพบุรี:desc_exact; หน้าบัน:desc_exact
107,ฉุยฉายทศกัณฐ์ลงสวน,"กรุงลงกา, ฉุยฉาย, ทศกัณฐ์, นางสีดา, พวงมาลัย, มือขวา, รามเกียรติ์",กรุงลงกา:desc_exact; ฉุยฉาย:name_exact; ทศกัณฐ์:name_exact; นางสีดา:desc_exact; พวงมาลัย:desc_exact; มือขวา:desc_exact; รามเกียรติ์:desc_exact
108,ฉุยฉายยอพระกลิ่น,"ฉุยฉาย, นางเอก, พระสวามี, มณีพิชัย, ยอพระกลิ่น, ละครนอก, สวามี, ออกเดินทาง, เดินทาง",ฉุยฉาย:name_exact; นางเอก:desc_exact; พระสวามี:desc_exact; มณีพิชัย:desc_exact; ยอพระกลิ่น:name_exact; ละครนอก:desc_exact; สวามี:desc_exact; ออกเดินทาง:desc_exact; เดินทาง:desc_exact
109,ระบำศรีวิชัย,"ชุมพร, ดนตรีพื้นบ้าน, ดนตรีไทย, นครศรีธรรมราช, ปัตตานี, พุทธศตวรรษ, มลายู, สมัยศรีวิชัย, อินโดนีเซีย, แหลมมลายู, โบราณวัตถุ",ชุมพร:desc_exact; ดนตรีพื้นบ้าน:desc_exact; ดนตรีไทย:desc_exact; นครศรีธรรมราช:desc_exact; ปัตตานี:desc_exact; พุทธศตวรรษ:desc_exact; มลายู:desc_exact; สมัยศรีวิชัย:desc_exact; อินโดนีเซีย:desc_exact; แหลมมลายู:desc_exact; โบราณวัตถุ:desc_exact
110,ฉุยฉายวันทอง,"กลอุบาย, ขุนแผน, ฉุยฉาย, บุตรชาย, พระไวย, มารดา, วันทอง, แปลงกาย",กลอุบาย:desc_exact; ขุนแผน:desc_exact; ฉุยฉาย:name_exact; บุตรชาย:desc_exact; พระไวย:desc_exact; มารดา:desc_exact; วันทอง:name_exact; แปลงกาย:desc_exact
111,ชุมนุมฉุยฉาย,"ฉุยฉาย, ชุมนุม, พราหมณ์",ฉุยฉาย:name_exact; ชุมนุม:name_exact; พราหมณ์:desc_exact
112,ฉุยฉายหนุมานทรงเครื่อง,"ฉุยฉาย, ทศกัณฐ์, ทหารเอก, พระราม, รามเกียรติ์, วานร, สงคราม, หนุมาน, ออกเดินทาง, เครื่องแบบ, เดินทาง",ฉุยฉาย:name_exact; ทศกัณฐ์:desc_exact; ทหารเอก:desc_exact; พระราม:desc_exact; รามเกียรติ์:desc_exact; วานร:desc_exact; สงคราม:desc_exact; หนุมาน:name_exact; ออกเดินทาง:desc_exact; เครื่องแบบ:desc_exact; เดินทาง:desc_exact
113,หนุมานจับนางเบญกาย,"จับนาง, ทศกัณฐ์, นางสีดา, พระราม, ยักษิณี, รามเกียรติ์, ลอยน้ำ, วานร, หนุมาน, หลบหนี, เบญกาย",จับนาง:name_exact; ทศกัณฐ์:desc_exact; นางสีดา:desc_exact; พระราม:desc_exact; ยักษิณี:desc_exact; รามเกียรติ์:desc_exact; ลอยน้ำ:desc_exact; วานร:desc_exact; หนุมาน:name_exact; หลบหนี:desc_exact; เบญกาย:name_exact
114,ฉุยฉายเบญกาย,"ฉุยฉาย, ทศกัณฐ์, นางสีดา, พระราม, รามเกียรติ์, สงคราม, เบญกาย, แปลงกาย",ฉุยฉาย:name_exact; ทศกัณฐ์:desc_exact; นางสีดา:desc_exact; พระราม:desc_exact; รามเกียรติ์:desc_exact; สงคราม:desc_exact; เบญกาย:name_exact; แปลงกาย:desc_exact
